2026-08-06 21:06:43,743 [INFO] Activator:176 - 


2026-08-06 21:06:43,761 [INFO] Activator:177 - !SESSION log4j initialized
2026-08-06 21:06:50,738 [INFO] LogOutputStream:77 - [STDOUT_REDIRECT] 
2026-08-06 21:06:55,056 [INFO] ApplicationProperties:184 - Using Application install path: C:\ST\STM32CubeIDE_1.19.0\STM32CubeIDE\plugins\com.st.stm32cube.common.mx_6.15.0.202507011659
2026-08-06 21:06:55,101 [INFO] DbMcusXml:78 - Set database path to: C:\ST\STM32CubeIDE_1.19.0\STM32CubeIDE\plugins\com.st.stm32cube.common.mx_6.15.0.202507011659\\db\/mcu/
2026-08-06 21:06:55,102 [INFO] ApiDb:274 - Set plugin database path to: C:\ST\STM32CubeIDE_1.19.0\STM32CubeIDE\plugins\com.st.stm32cube.common.mx_6.15.0.202507011659\\db\/plugins/boardmanager/
2026-08-06 21:06:55,103 [WARN] ApiDb:259 - Overriding images path with different value:  => C:\ST\STM32CubeIDE_1.19.0\STM32CubeIDE\plugins\com.st.stm32cube.common.mx_6.15.0.202507011659\\db\/plugins/mcufinder/images/
2026-08-06 21:06:55,120 [INFO] ApiDb:250 - Set database path to: C:\Users\user\.stmcufinder\plugins\mcufinder//mcu/
2026-08-06 21:06:55,124 [INFO] DbMcusAds:125 - Set database path to: C:\Users\user\.stmcufinder\plugins\mcufinder//mcu/
2026-08-06 21:06:55,131 [INFO] CrossReferenceDbSqlite:203 - Set database path to: C:\Users\user\.stmcufinder\plugins\mcufinder//mcu/cs/
2026-08-06 21:06:55,439 [INFO] RulesReader:64 - Compatibility file has been processed (317 Rules)
2026-08-06 21:06:55,635 [INFO] DbMcusXml:78 - Set database path to: C:\ST\STM32CubeIDE_1.19.0\STM32CubeIDE\plugins\com.st.stm32cube.common.mx_6.15.0.202507011659\\db\/mcu/
2026-08-06 21:06:55,635 [INFO] ApiDb:274 - Set plugin database path to: C:\ST\STM32CubeIDE_1.19.0\STM32CubeIDE\plugins\com.st.stm32cube.common.mx_6.15.0.202507011659\\db\/plugins/boardmanager/
2026-08-06 21:06:55,635 [INFO] ApiDb:261 - Set plugin images path to: C:\ST\STM32CubeIDE_1.19.0\STM32CubeIDE\plugins\com.st.stm32cube.common.mx_6.15.0.202507011659\\db\/plugins/mcufinder/images/
2026-08-06 21:06:55,636 [WARN] DbFile:41 - Overriding database path with different value: C:\Users\user\.stmcufinder\plugins\mcufinder/ => C:\Users\user\.stmcufinder\plugins\mcufinder
2026-08-06 21:06:55,636 [INFO] ApiDb:250 - Set database path to: C:\Users\user\.stmcufinder\plugins\mcufinder//mcu/
2026-08-06 21:06:55,636 [WARN] DbFile:41 - Overriding database path with different value: C:\Users\user\.stmcufinder\plugins\mcufinder/ => C:\Users\user\.stmcufinder\plugins\mcufinder
2026-08-06 21:06:55,636 [INFO] DbMcusAds:125 - Set database path to: C:\Users\user\.stmcufinder\plugins\mcufinder//mcu/
2026-08-06 21:06:55,637 [WARN] DbFile:41 - Overriding database path with different value: C:\Users\user\.stmcufinder\plugins\mcufinder/ => C:\Users\user\.stmcufinder\plugins\mcufinder
2026-08-06 21:06:55,637 [WARN] DbFile:41 - Overriding database path with different value: C:\Users\user\.stmcufinder\plugins\mcufinder/ => C:\Users\user\.stmcufinder\plugins\mcufinder
2026-08-06 21:06:55,637 [INFO] CrossReferenceDbSqlite:203 - Set database path to: C:\Users\user\.stmcufinder\plugins\mcufinder//mcu/cs/
2026-08-06 21:06:55,819 [INFO] MainPanel:274 - HeapMemory: 268435456
2026-08-06 21:06:56,074 [INFO] DbMcusXml:78 - Set database path to: C:\ST\STM32CubeIDE_1.19.0\STM32CubeIDE\plugins\com.st.stm32cube.common.mx_6.15.0.202507011659\\db\/mcu/
2026-08-06 21:06:56,075 [INFO] ApiDb:274 - Set plugin database path to: C:\ST\STM32CubeIDE_1.19.0\STM32CubeIDE\plugins\com.st.stm32cube.common.mx_6.15.0.202507011659\\db\/plugins/boardmanager/
2026-08-06 21:06:56,075 [INFO] ApiDb:261 - Set plugin images path to: C:\ST\STM32CubeIDE_1.19.0\STM32CubeIDE\plugins\com.st.stm32cube.common.mx_6.15.0.202507011659\\db\/plugins/mcufinder/images/
2026-08-06 21:06:56,076 [WARN] DbFile:41 - Overriding database path with different value: C:\Users\user\.stmcufinder\plugins\mcufinder/ => C:\Users\user\.stmcufinder\plugins\mcufinder
2026-08-06 21:06:56,076 [INFO] ApiDb:250 - Set database path to: C:\Users\user\.stmcufinder\plugins\mcufinder//mcu/
2026-08-06 21:06:56,076 [WARN] DbFile:41 - Overriding database path with different value: C:\Users\user\.stmcufinder\plugins\mcufinder/ => C:\Users\user\.stmcufinder\plugins\mcufinder
2026-08-06 21:06:56,077 [INFO] DbMcusAds:125 - Set database path to: C:\Users\user\.stmcufinder\plugins\mcufinder//mcu/
2026-08-06 21:06:56,077 [WARN] DbFile:41 - Overriding database path with different value: C:\Users\user\.stmcufinder\plugins\mcufinder/ => C:\Users\user\.stmcufinder\plugins\mcufinder
2026-08-06 21:06:56,077 [WARN] DbFile:41 - Overriding database path with different value: C:\Users\user\.stmcufinder\plugins\mcufinder/ => C:\Users\user\.stmcufinder\plugins\mcufinder
2026-08-06 21:06:56,078 [INFO] CrossReferenceDbSqlite:203 - Set database path to: C:\Users\user\.stmcufinder\plugins\mcufinder//mcu/cs/
2026-08-06 21:06:56,124 [INFO] ApplicationProperties:184 - Using Application install path: C:\ST\STM32CubeIDE_1.19.0\STM32CubeIDE\plugins\com.st.stm32cube.common.mx_6.15.0.202507011659
2026-08-06 21:06:56,127 [INFO] PluginManage:196 - Search for loadable plugins [exclusion list=, ]
2026-08-06 21:06:56,130 [INFO] PluginManage:310 - Check plugin analytics
2026-08-06 21:06:56,607 [INFO] AnalyticsPlugin:253 - Accepted Software Licenses: STM32CubeMX.6.18.0
2026-08-06 21:06:56,608 [INFO] AnalyticsPlugin:255 - Accepted CMSIS Pack Licenses: 
2026-08-06 21:06:56,609 [INFO] AnalyticsPlugin:257 - Accepted Firmware Licenses: FW.F4.1.28.0,FW.F4.1.28.3
2026-08-06 21:06:56,616 [INFO] PluginManage:359 - Loaded plugin analytics (category:tool,tabindex:-1)
2026-08-06 21:06:56,618 [INFO] PluginManage:310 - Check plugin cadmodel
2026-08-06 21:06:56,632 [INFO] CADModel:105 - Init CAD model plugin
2026-08-06 21:06:56,632 [INFO] PluginManage:359 - Loaded plugin cadmodel (category:power,tabindex:5)
2026-08-06 21:06:56,633 [INFO] PluginManage:310 - Check plugin clock
2026-08-06 21:06:56,659 [INFO] PluginManage:359 - Loaded plugin clock (category:base,tabindex:2)
2026-08-06 21:06:56,659 [INFO] PluginManage:310 - Check plugin ddr
2026-08-06 21:06:56,665 [INFO] PluginManage:359 - Loaded plugin ddr (category:tool,tabindex:6)
2026-08-06 21:06:56,666 [INFO] PluginManage:310 - Check plugin filemanager
2026-08-06 21:06:57,162 [INFO] PluginManage:359 - Loaded plugin filemanager (category:base,tabindex:10)
2026-08-06 21:06:57,163 [INFO] PluginManage:310 - Check plugin ipmanager
2026-08-06 21:06:57,184 [INFO] PluginManage:359 - Loaded plugin ipmanager (category:base,tabindex:5)
2026-08-06 21:06:57,184 [INFO] PluginManage:310 - Check plugin lpbam
2026-08-06 21:06:57,208 [INFO] PluginManage:359 - Loaded plugin lpbam (category:base,tabindex:0)
2026-08-06 21:06:57,209 [INFO] PluginManage:310 - Check plugin memorymap
2026-08-06 21:06:57,258 [INFO] PluginManage:359 - Loaded plugin memorymap (category:base,tabindex:4)
2026-08-06 21:06:57,258 [INFO] PluginManage:310 - Check plugin pinoutandconfiguration
2026-08-06 21:06:57,283 [INFO] PluginManage:359 - Loaded plugin pinoutandconfiguration (category:base,tabindex:1)
2026-08-06 21:06:57,284 [INFO] PluginManage:310 - Check plugin pinoutconfig
2026-08-06 21:06:57,647 [WARN] SupportedApi:132 - Cannot load RTOS API schema: s4s-elt-must-match.1: The content of 'definitions' must match (annotation?, (simpleType | complexType)?, (unique | key | keyref)*)). A problem was found starting at: attribute.
2026-08-06 21:06:58,050 [INFO] PluginManage:359 - Loaded plugin pinoutconfig (category:base,tabindex:0)
2026-08-06 21:06:58,051 [INFO] PluginManage:310 - Check plugin power
2026-08-06 21:06:58,075 [INFO] PluginManage:359 - Loaded plugin power (category:power,tabindex:4)
2026-08-06 21:06:58,075 [INFO] PluginManage:310 - Check plugin projectmanager
2026-08-06 21:06:58,120 [INFO] PluginManage:359 - Loaded plugin projectmanager (category:projectmanager,tabindex:4)
2026-08-06 21:06:58,120 [INFO] PluginManage:310 - Check plugin rif
2026-08-06 21:06:58,144 [INFO] PluginManage:359 - Loaded plugin rif (category:base,tabindex:3)
2026-08-06 21:06:58,145 [INFO] PluginManage:310 - Check plugin thirdparty
2026-08-06 21:06:58,487 [INFO] PluginManage:359 - Loaded plugin thirdparty (category:base,tabindex:-1)
2026-08-06 21:06:58,485 [WARN] IntegrityCheckThread:84 - waiting for thirdparty lock release [integrity check]
2026-08-06 21:06:58,487 [INFO] IntegrityCheckThread:86 - entering critical section [integrity check]
2026-08-06 21:06:58,487 [INFO] PluginManage:310 - Check plugin tools
2026-08-06 21:06:58,488 [INFO] ThirdPartyUpdaterWithRetryManager:70 - Updater plugin not ready yet. [1/15]
2026-08-06 21:06:58,494 [INFO] PluginManage:359 - Loaded plugin tools (category:base,tabindex:7)
2026-08-06 21:06:58,494 [INFO] PluginManage:310 - Check plugin tutovideos
2026-08-06 21:06:59,031 [INFO] PluginManage:359 - Loaded plugin tutovideos (category:base,tabindex:-1)
2026-08-06 21:06:59,031 [INFO] PluginManage:310 - Check plugin updater
2026-08-06 21:06:59,080 [INFO] PluginManage:359 - Loaded plugin updater (category:base,tabindex:12)
2026-08-06 21:06:59,081 [INFO] PluginManage:310 - Check plugin userauth
2026-08-06 21:06:59,090 [INFO] UserAuth:118 - Init User Auth plugin
2026-08-06 21:06:59,092 [INFO] PluginManage:359 - Loaded plugin userauth (category:base,tabindex:14)
2026-08-06 21:06:59,094 [INFO] PluginManage:283 - PluginManage : Loaded plugins [18]
2026-08-06 21:06:59,662 [INFO] PinOutPanel:1589 - setPackage(No Configuration,No Configuration)
2026-08-06 21:06:59,877 [INFO] CADModel:165 - CPN selected for project level
2026-08-06 21:06:59,877 [INFO] CADModel:114 - Register for checkConnection events
2026-08-06 21:06:59,916 [INFO] IPUIPlugin:80 - create IPUIPlugin
2026-08-06 21:06:59,917 [INFO] PluginManager:220 - loadIPPluginJar : add adc
2026-08-06 21:06:59,924 [INFO] IPUIPlugin:80 - create IPUIPlugin
2026-08-06 21:06:59,924 [INFO] PluginManager:220 - loadIPPluginJar : add aes
2026-08-06 21:06:59,932 [INFO] IPUIPlugin:80 - create IPUIPlugin
2026-08-06 21:06:59,932 [INFO] PluginManager:220 - loadIPPluginJar : add can
2026-08-06 21:06:59,937 [INFO] IPUIPlugin:80 - create IPUIPlugin
2026-08-06 21:06:59,937 [INFO] PluginManager:220 - loadIPPluginJar : add comp
2026-08-06 21:06:59,946 [INFO] IPUIPlugin:80 - create IPUIPlugin
2026-08-06 21:06:59,946 [INFO] PluginManager:220 - loadIPPluginJar : add cryp
2026-08-06 21:06:59,952 [INFO] IPUIPlugin:80 - create IPUIPlugin
2026-08-06 21:06:59,952 [INFO] PluginManager:220 - loadIPPluginJar : add ddr_ctrl_phy
2026-08-06 21:06:59,958 [INFO] IPUIPlugin:80 - create IPUIPlugin
2026-08-06 21:06:59,958 [INFO] PluginManager:220 - loadIPPluginJar : add dfsdm
2026-08-06 21:06:59,967 [INFO] IPUIPlugin:80 - create IPUIPlugin
2026-08-06 21:06:59,967 [INFO] PluginManager:220 - loadIPPluginJar : add dma
2026-08-06 21:06:59,973 [INFO] IPUIPlugin:80 - create IPUIPlugin
2026-08-06 21:06:59,974 [INFO] PluginManager:220 - loadIPPluginJar : add dma3
2026-08-06 21:06:59,980 [INFO] IPUIPlugin:80 - create IPUIPlugin
2026-08-06 21:06:59,980 [INFO] PluginManager:220 - loadIPPluginJar : add extmemmanager
2026-08-06 21:06:59,984 [INFO] IPUIPlugin:80 - create IPUIPlugin
2026-08-06 21:06:59,984 [INFO] PluginManager:220 - loadIPPluginJar : add fatfs
2026-08-06 21:06:59,994 [INFO] IPUIPlugin:80 - create IPUIPlugin
2026-08-06 21:06:59,994 [INFO] PluginManager:220 - loadIPPluginJar : add fmc
2026-08-06 21:07:00,008 [INFO] IPUIPlugin:80 - create IPUIPlugin
2026-08-06 21:07:00,008 [INFO] PluginManager:220 - loadIPPluginJar : add freertos
2026-08-06 21:07:00,011 [INFO] IPUIPlugin:80 - create IPUIPlugin
2026-08-06 21:07:00,012 [INFO] PluginManager:220 - loadIPPluginJar : add genericplugin
2026-08-06 21:07:00,017 [INFO] IPUIPlugin:80 - create IPUIPlugin
2026-08-06 21:07:00,018 [INFO] PluginManager:220 - loadIPPluginJar : add gfxmmu
2026-08-06 21:07:00,032 [INFO] IPUIPlugin:80 - create IPUIPlugin
2026-08-06 21:07:00,032 [INFO] PluginManager:220 - loadIPPluginJar : add gic
2026-08-06 21:07:00,042 [INFO] IPUIPlugin:80 - create IPUIPlugin
2026-08-06 21:07:00,043 [INFO] PluginManager:220 - loadIPPluginJar : add gpio
2026-08-06 21:07:00,049 [INFO] IPUIPlugin:80 - create IPUIPlugin
2026-08-06 21:07:00,049 [INFO] PluginManager:220 - loadIPPluginJar : add gtzc
2026-08-06 21:07:00,055 [INFO] IPUIPlugin:80 - create IPUIPlugin
2026-08-06 21:07:00,055 [INFO] PluginManager:220 - loadIPPluginJar : add hash
2026-08-06 21:07:00,063 [INFO] IPUIPlugin:80 - create IPUIPlugin
2026-08-06 21:07:00,063 [INFO] PluginManager:220 - loadIPPluginJar : add i2c
2026-08-06 21:07:00,070 [INFO] IPUIPlugin:80 - create IPUIPlugin
2026-08-06 21:07:00,070 [INFO] PluginManager:220 - loadIPPluginJar : add i2s
2026-08-06 21:07:00,077 [INFO] IPUIPlugin:80 - create IPUIPlugin
2026-08-06 21:07:00,078 [INFO] PluginManager:220 - loadIPPluginJar : add i3c
2026-08-06 21:07:00,086 [INFO] IPUIPlugin:80 - create IPUIPlugin
2026-08-06 21:07:00,086 [INFO] PluginManager:220 - loadIPPluginJar : add ipddr
2026-08-06 21:07:00,102 [INFO] IPUIPlugin:80 - create IPUIPlugin
2026-08-06 21:07:00,102 [INFO] PluginManager:220 - loadIPPluginJar : add linkedlist
2026-08-06 21:07:00,109 [INFO] IPUIPlugin:80 - create IPUIPlugin
2026-08-06 21:07:00,109 [INFO] PluginManager:220 - loadIPPluginJar : add lorawan
2026-08-06 21:07:00,113 [INFO] IPUIPlugin:80 - create IPUIPlugin
2026-08-06 21:07:00,113 [INFO] PluginManager:220 - loadIPPluginJar : add ltdc
2026-08-06 21:07:00,126 [INFO] IPUIPlugin:80 - create IPUIPlugin
2026-08-06 21:07:00,127 [INFO] PluginManager:220 - loadIPPluginJar : add mdma
2026-08-06 21:07:00,134 [INFO] IPUIPlugin:80 - create IPUIPlugin
2026-08-06 21:07:00,135 [INFO] PluginManager:220 - loadIPPluginJar : add nvic
2026-08-06 21:07:00,142 [INFO] IPUIPlugin:80 - create IPUIPlugin
2026-08-06 21:07:00,142 [INFO] PluginManager:220 - loadIPPluginJar : add opamp
2026-08-06 21:07:00,148 [INFO] IPUIPlugin:80 - create IPUIPlugin
2026-08-06 21:07:00,149 [INFO] PluginManager:220 - loadIPPluginJar : add openamp
2026-08-06 21:07:00,156 [INFO] IPUIPlugin:80 - create IPUIPlugin
2026-08-06 21:07:00,156 [INFO] PluginManager:220 - loadIPPluginJar : add pdm2pcm
2026-08-06 21:07:00,168 [INFO] IPUIPlugin:80 - create IPUIPlugin
2026-08-06 21:07:00,175 [INFO] PluginManager:220 - loadIPPluginJar : add plateformsettings
2026-08-06 21:07:00,179 [INFO] IPUIPlugin:80 - create IPUIPlugin
2026-08-06 21:07:00,179 [INFO] PluginManager:220 - loadIPPluginJar : add quadspi
2026-08-06 21:07:00,184 [INFO] IPUIPlugin:80 - create IPUIPlugin
2026-08-06 21:07:00,185 [INFO] PluginManager:220 - loadIPPluginJar : add radio
2026-08-06 21:07:00,194 [INFO] IPUIPlugin:80 - create IPUIPlugin
2026-08-06 21:07:00,194 [INFO] PluginManager:220 - loadIPPluginJar : add resmgrutility
2026-08-06 21:07:00,201 [INFO] IPUIPlugin:80 - create IPUIPlugin
2026-08-06 21:07:00,201 [INFO] PluginManager:220 - loadIPPluginJar : add sai
2026-08-06 21:07:00,205 [INFO] IPUIPlugin:80 - create IPUIPlugin
2026-08-06 21:07:00,206 [INFO] PluginManager:220 - loadIPPluginJar : add spi
2026-08-06 21:07:00,216 [INFO] IPUIPlugin:80 - create IPUIPlugin
2026-08-06 21:07:00,216 [INFO] PluginManager:220 - loadIPPluginJar : add stm32_wpan
2026-08-06 21:07:00,220 [INFO] IPUIPlugin:80 - create IPUIPlugin
2026-08-06 21:07:00,221 [INFO] PluginManager:220 - loadIPPluginJar : add tim
2026-08-06 21:07:00,228 [INFO] IPUIPlugin:80 - create IPUIPlugin
2026-08-06 21:07:00,229 [INFO] PluginManager:220 - loadIPPluginJar : add touchsensing
2026-08-06 21:07:00,233 [INFO] IPUIPlugin:80 - create IPUIPlugin
2026-08-06 21:07:00,234 [INFO] PluginManager:220 - loadIPPluginJar : add tracer_emb
2026-08-06 21:07:00,239 [INFO] IPUIPlugin:80 - create IPUIPlugin
2026-08-06 21:07:00,240 [INFO] PluginManager:220 - loadIPPluginJar : add ts
2026-08-06 21:07:00,244 [INFO] IPUIPlugin:80 - create IPUIPlugin
2026-08-06 21:07:00,244 [INFO] PluginManager:220 - loadIPPluginJar : add tsc
2026-08-06 21:07:00,249 [INFO] IPUIPlugin:80 - create IPUIPlugin
2026-08-06 21:07:00,249 [INFO] PluginManager:220 - loadIPPluginJar : add ucpd
2026-08-06 21:07:00,257 [INFO] IPUIPlugin:80 - create IPUIPlugin
2026-08-06 21:07:00,258 [INFO] PluginManager:220 - loadIPPluginJar : add usart
2026-08-06 21:07:00,266 [INFO] IPUIPlugin:80 - create IPUIPlugin
2026-08-06 21:07:00,266 [INFO] PluginManager:220 - loadIPPluginJar : add usbx
2026-08-06 21:07:00,506 [FATAL] Updater:351 - Updater called before beeing initialized
2026-08-06 21:07:00,586 [INFO] RulesReader:64 - Compatibility file has been processed (317 Rules)
2026-08-06 21:07:00,624 [INFO] RulesReader:64 - Compatibility file has been processed (317 Rules)
2026-08-06 21:07:00,643 [INFO] CADModel:165 - CPN selected for project level
2026-08-06 21:07:00,643 [INFO] CADModel:114 - Register for checkConnection events
2026-08-06 21:07:00,644 [FATAL] Updater:351 - Updater called before beeing initialized
2026-08-06 21:07:00,644 [ERROR] CADModel:125 - Updater not yet initialized, retry later 
2026-08-06 21:07:01,000 [FATAL] Updater:351 - Updater called before beeing initialized
2026-08-06 21:07:01,005 [INFO] CADModel:165 - CPN selected for project level
2026-08-06 21:07:01,005 [INFO] CADModel:114 - Register for checkConnection events
2026-08-06 21:07:01,005 [FATAL] Updater:351 - Updater called before beeing initialized
2026-08-06 21:07:01,005 [ERROR] CADModel:125 - Updater not yet initialized, retry later 
2026-08-06 21:07:01,011 [FATAL] Updater:351 - Updater called before beeing initialized
2026-08-06 21:07:01,283 [FATAL] Updater:351 - Updater called before beeing initialized
2026-08-06 21:07:01,295 [INFO] DbMcusAds:53 - JSON generation date=Wed Jul 15 15:14:54 IST 2026 (1784108694001)
2026-08-06 21:07:01,296 [FATAL] Updater:351 - Updater called before beeing initialized
2026-08-06 21:07:01,416 [WARN] DetailPanel:346 - Failed to get advertising image, set to default
2026-08-06 21:07:01,490 [INFO] ThirdPartyUpdaterWithRetryManager:70 - Updater plugin not ready yet. [2/15]
2026-08-06 21:07:01,651 [FATAL] Updater:351 - Updater called before beeing initialized
2026-08-06 21:07:01,656 [FATAL] Updater:351 - Updater called before beeing initialized
2026-08-06 21:07:01,657 [FATAL] Updater:351 - Updater called before beeing initialized
2026-08-06 21:07:01,657 [WARN] DetailPanel:346 - Failed to get advertising image, set to default
2026-08-06 21:07:01,659 [FATAL] Updater:351 - Updater called before beeing initialized
2026-08-06 21:07:01,795 [ERROR] Updater:1198 - MainUpdater not yet initialized. External WinMGr cannot be set.
2026-08-06 21:07:01,799 [INFO] Updater:1134 - Updater Version found : 6.15.0
2026-08-06 21:07:01,839 [INFO] ApplicationProperties:184 - Using Application install path: C:\ST\STM32CubeIDE_1.19.0\STM32CubeIDE\plugins\com.st.stm32cube.common.mx_6.15.0.202507011659
2026-08-06 21:07:03,432 [ERROR] LogOutputStream:75 - [STDERR_REDIRECT] Aug 06, 2026 9:07:03 PM java.util.prefs.WindowsPreferences <init>
2026-08-06 21:07:03,439 [ERROR] LogOutputStream:75 - [STDERR_REDIRECT] WARNING: Could not open/create prefs root node Software\JavaSoft\Prefs at root 0xffffffff80000002. Windows RegCreateKeyEx(...) returned error code 5.
2026-08-06 21:07:03,440 [ERROR] LogOutputStream:75 - [STDERR_REDIRECT] 
2026-08-06 21:07:04,178 [INFO] MainUpdater:2872 - connection check result : 10
2026-08-06 21:07:04,179 [INFO] MainUpdater:289 - Updater Check For Update Now.
2026-08-06 21:07:04,180 [INFO] MicroXplorer:498 - Change Database Version : DB.6.0.150
2026-08-06 21:07:04,493 [WARN] MainUpdater:1193 - Updater busy. Cannot search thirdparties
2026-08-06 21:07:04,494 [INFO] ThirdPartyUpdaterWithRetryManager:96 - Updater plugin is busy. [1/15]
2026-08-06 21:07:04,550 [INFO] CheckServerUpdateThread:120 - End of CheckServer Thread
2026-08-06 21:07:04,600 [INFO] MainUpdater:2872 - connection check result : 10
2026-08-06 21:07:04,606 [INFO] McuFinderGlobals:76 - Set McuFinderConnectedMode to true
2026-08-06 21:07:05,079 [INFO] ServerAccessManage:452 - Complete download http(s) 200
2026-08-06 21:07:05,082 [INFO] ServerAccessManage:509 - Download File mcusAds.json._tmp_
2026-08-06 21:07:05,199 [INFO] LoadUrlFilesThread:156 - End of LoadUrlFiles Thread
2026-08-06 21:07:05,371 [INFO] ServerAccessManage:452 - Complete download http(s) 200
2026-08-06 21:07:05,372 [INFO] ServerAccessManage:509 - Download File cube-finder-db.zip
2026-08-06 21:07:07,494 [WARN] MainUpdater:1193 - Updater busy. Cannot search thirdparties
2026-08-06 21:07:07,494 [INFO] ThirdPartyUpdaterWithRetryManager:96 - Updater plugin is busy. [2/15]
2026-08-06 21:07:10,496 [WARN] MainUpdater:1193 - Updater busy. Cannot search thirdparties
2026-08-06 21:07:10,496 [INFO] ThirdPartyUpdaterWithRetryManager:96 - Updater plugin is busy. [3/15]
2026-08-06 21:07:13,497 [WARN] MainUpdater:1193 - Updater busy. Cannot search thirdparties
2026-08-06 21:07:13,497 [INFO] ThirdPartyUpdaterWithRetryManager:96 - Updater plugin is busy. [4/15]
2026-08-06 21:07:16,499 [WARN] MainUpdater:1193 - Updater busy. Cannot search thirdparties
2026-08-06 21:07:16,499 [INFO] ThirdPartyUpdaterWithRetryManager:96 - Updater plugin is busy. [5/15]
2026-08-06 21:07:19,501 [WARN] MainUpdater:1193 - Updater busy. Cannot search thirdparties
2026-08-06 21:07:19,501 [INFO] ThirdPartyUpdaterWithRetryManager:96 - Updater plugin is busy. [6/15]
2026-08-06 21:07:22,503 [WARN] MainUpdater:1193 - Updater busy. Cannot search thirdparties
2026-08-06 21:07:22,503 [INFO] ThirdPartyUpdaterWithRetryManager:96 - Updater plugin is busy. [7/15]
2026-08-06 21:07:25,504 [WARN] MainUpdater:1193 - Updater busy. Cannot search thirdparties
2026-08-06 21:07:25,504 [INFO] ThirdPartyUpdaterWithRetryManager:96 - Updater plugin is busy. [8/15]
2026-08-06 21:07:27,389 [INFO] FileExtend:248 - Unzip File : cube-finder-db.zip
2026-08-06 21:07:27,389 [INFO] FileExtend:263 - Standard Zip Deflate
2026-08-06 21:07:28,505 [WARN] MainUpdater:1193 - Updater busy. Cannot search thirdparties
2026-08-06 21:07:28,505 [INFO] ThirdPartyUpdaterWithRetryManager:96 - Updater plugin is busy. [9/15]
2026-08-06 21:07:29,345 [INFO] LoadUrlFilesThread:156 - End of LoadUrlFiles Thread
2026-08-06 21:07:31,508 [WARN] MainUpdater:1193 - Updater busy. Cannot search thirdparties
2026-08-06 21:07:31,508 [INFO] ThirdPartyUpdaterWithRetryManager:96 - Updater plugin is busy. [10/15]
2026-08-06 21:07:34,509 [WARN] MainUpdater:1193 - Updater busy. Cannot search thirdparties
2026-08-06 21:07:34,509 [INFO] ThirdPartyUpdaterWithRetryManager:96 - Updater plugin is busy. [11/15]
2026-08-06 21:07:37,511 [WARN] MainUpdater:1193 - Updater busy. Cannot search thirdparties
2026-08-06 21:07:37,511 [INFO] ThirdPartyUpdaterWithRetryManager:96 - Updater plugin is busy. [12/15]
2026-08-06 21:07:40,512 [WARN] MainUpdater:1193 - Updater busy. Cannot search thirdparties
2026-08-06 21:07:40,513 [INFO] ThirdPartyUpdaterWithRetryManager:96 - Updater plugin is busy. [13/15]
2026-08-06 21:07:43,514 [WARN] MainUpdater:1193 - Updater busy. Cannot search thirdparties
2026-08-06 21:07:43,515 [INFO] ThirdPartyUpdaterWithRetryManager:96 - Updater plugin is busy. [14/15]
2026-08-06 21:07:46,517 [WARN] MainUpdater:1193 - Updater busy. Cannot search thirdparties
2026-08-06 21:07:46,517 [INFO] ThirdPartyUpdaterWithRetryManager:96 - Updater plugin is busy. [15/15]
2026-08-06 21:07:46,517 [ERROR] IntegrityCheckThread:130 - Cannot retrieve database content from updater: error -1
2026-08-06 21:07:46,518 [INFO] ThirdParty:978 - Integrity check success = false
2026-08-06 21:07:46,518 [INFO] IntegrityCheckThread:100 - exiting critical section [integrity check]
2026-08-06 21:07:46,518 [INFO] IntegrityCheckThread:103 - End integrity checks thread
2026-08-06 21:07:50,676 [ERROR] ServerAccessManage:1295 - Problem during Server Connection :  IO error Connection timed out: getsockopt
2026-08-06 21:07:50,677 [ERROR] ServerAccessManage:740 - Problem during Server Connection :  : crdb.zip.
2026-08-06 21:07:52,097 [INFO] McuFinderGlobals:63 - Set McuFinder mode to 2 (CubeIDE integrated)
2026-08-06 21:07:52,098 [INFO] UserAuth:171 - activating auth plugin
2026-08-06 21:07:52,103 [INFO] UserAuth:487 - Internet connection configuration mode: 1
2026-08-06 21:07:52,135 [INFO] JxBrowserEngine:152 - Initiate JxBrowser Engine with user profile folder
2026-08-06 21:07:54,162 [INFO] WebApp:169 - Instantiating new browser for Auth
2026-08-06 21:07:56,324 [INFO] WebApp:463 - Apply proxy settings
2026-08-06 21:07:56,325 [INFO] WebApp:548 - Chromium requires no authentication
2026-08-06 21:07:56,434 [INFO] WebApp:491 - Direct internet connection detected
2026-08-06 21:07:56,633 [INFO] WebApp:900 - Register for checkConnection events
2026-08-06 21:07:56,635 [INFO] WebApp:463 - Apply proxy settings
2026-08-06 21:07:56,636 [INFO] WebApp:548 - Chromium requires no authentication
2026-08-06 21:07:56,637 [INFO] WebApp:491 - Direct internet connection detected
2026-08-06 21:07:57,185 [INFO] WebApp:191 - Connection restablished
2026-08-06 21:07:57,514 [INFO] WebApp:225 - Starting web application
2026-08-06 21:07:57,515 [INFO] WebApp:593 - Web application path used C:\ST\STM32CubeIDE_1.19.0\STM32CubeIDE\plugins\com.st.stm32cube.common.mx_6.15.0.202507011659\db\plugins\mcufinder\reactClient1\index.html
2026-08-06 21:08:37,298 [INFO] LoadUrlFilesThread:156 - End of LoadUrlFiles Thread
2026-08-06 21:08:39,448 [INFO] DbMcusAds:53 - JSON generation date=Wed Jul 15 15:14:54 IST 2026 (1784108694001)
2026-08-06 21:08:39,522 [ERROR] TargetSelectorAdapter:267 - Unable to refresh data
2026-08-06 21:08:40,255 [INFO] ApiDb:581 - Connected to CubeFinder SQLite database (C:\Users\user\.stmcufinder\plugins\mcufinder\mcu\cube-finder-db.db)
2026-08-06 21:08:40,611 [INFO] ApiDb:668 - CubeFinder database Data Model version=2.1
2026-08-06 21:08:40,612 [INFO] ApiDb:669 - CubeFinder database Configuration version=3.0.42
2026-08-06 21:08:40,613 [INFO] ApiDb:670 - CubeFinder database generation date=2026-06-23 (1782213372)
2026-08-06 21:08:40,613 [INFO] ApiDb:671 - CubeFinder database FW Pack versions=[FP-ATR-ASTRA1_V2.0.0, FP-SNS-FLIGHT1_V5.1.0, FP-SNS-MOTENV1_V5.1.0, FP-SNS-MOTENVWB1_V1.5.0, FP-SNS-SMARTAG2_V1.2.0, FP-SNS-STBOX1_V2.1.0, STM32Cube_FW_C0_V1.4.0, STM32Cube_FW_F4_V1.28.3, STM32Cube_FW_F7_V1.17.4, STM32Cube_FW_G0_V1.6.3, STM32Cube_FW_G4_V1.6.2, STM32Cube_FW_H5_V1.7.0, STM32Cube_FW_H7RS_V1.3.0, STM32Cube_FW_H7_V1.13.0, STM32Cube_FW_L0_V1.12.2, STM32Cube_FW_L4_V1.18.2, STM32Cube_FW_L5_V1.6.0, STM32Cube_FW_N6_V1.4.0, STM32Cube_FW_U0_V1.3.0, STM32Cube_FW_U3_V1.4.0, STM32Cube_FW_U5_V1.9.0, STM32Cube_FW_WB0_V1.5.0, STM32Cube_FW_WBA_V1.10.0, STM32Cube_FW_WB_V1.24.0, STM32Cube_FW_WL3_V1.5.0, STM32Cube_FW_WL_V1.6.0, X-CUBE-ALGOBUILD_V1.5.0, X-CUBE-ALS_V1.0.2, X-CUBE-AZRTOS-F4_V1.1.0, X-CUBE-AZRTOS-F7_V1.1.0, X-CUBE-AZRTOS-G0_V1.1.0, X-CUBE-AZRTOS-G4_V2.0.0, X-CUBE-AZRTOS-H7RS_V1.1.0, X-CUBE-AZRTOS-H7_V3.5.0, X-CUBE-AZRTOS-L4_V2.0.0, X-CUBE-AZRTOS-L5_V2.0.0, X-CUBE-AZRTOS-WB_V2.0.0, X-CUBE-AZRTOS-WL_V2.0.0, X-CUBE-BLE1_V7.1.0, X-CUBE-BLE2_V3.3.0, X-CUBE-BLEMGR_V4.1.0, X-CUBE-EEPRMA1_V5.2.0, X-CUBE-FREERTOS_V1.5.0, X-CUBE-GNSS1_V7.1.1, X-CUBE-MEMS1_V12.1.0, X-CUBE-NFC4_V3.0.0, X-CUBE-NFC7_V2.0.0, X-CUBE-SFXS2LP1_V4.0.0, X-CUBE-ST67W61_V1.3.0, X-CUBE-SUBG2_V5.0.0, X-CUBE-TOF1_V3.4.3]
2026-08-06 21:08:52,382 [INFO] ApiDb:240 - Found 880 in-development CPN: [B-G473E-ZEST1S, B-WB1M-WPAN1, B-WBA5M-WPAN, B-WL5M-SUBG1, NUCLEO-C031C6, NUCLEO-C051C8, NUCLEO-C071RB, NUCLEO-C092RC, NUCLEO-H503RB, NUCLEO-H533RE, NUCLEO-H563ZI, NUCLEO-H7S3L8, NUCLEO-N657X0-Q, NUCLEO-U031R8, NUCLEO-U083RC, NUCLEO-U385RG-Q, NUCLEO-U545RE-Q, NUCLEO-U5A5ZJ-Q, NUCLEO-WB05KZ, NUCLEO-WB07CC, NUCLEO-WB09KE, NUCLEO-WBA52CG, NUCLEO-WBA55CG, NUCLEO-WL33CC1, NUCLEO-WL33CC2, STEVAL-PROTEUS1, STEVAL-SMARTAG2, STEVAL-STWINBX1, STM320518-EVAL, STM32C0116-DK, STM32C011D6Y3TR, STM32C011D6Y6TR, STM32C011F4P3, STM32C011F4P6, STM32C011F4U3, STM32C011F4U6TR, STM32C011F6P3, STM32C011F6P6, STM32C011F6U3, STM32C011F6U6TR, STM32C011J4M3, STM32C011J4M6, STM32C011J6M3, STM32C011J6M6, STM32C0316-DK, STM32C031C4T3, STM32C031C4T6, STM32C031C4U3, STM32C031C4U6, STM32C031C6T3, STM32C031C6T6, STM32C031C6U3, STM32C031C6U6, STM32C031F4P3, STM32C031F4P6, STM32C031F6P3, STM32C031F6P6, STM32C031G4U3, STM32C031G4U6, STM32C031G6U3, STM32C031G6U6, STM32C031K4T3, STM32C031K4T6, STM32C031K4U3, STM32C031K4U6, STM32C031K6T3, STM32C031K6T6, STM32C031K6U3, STM32C031K6U6, STM32C051C6T6, STM32C051C6U6, STM32C051C8T6, STM32C051C8U6, STM32C051D8Y6TR, STM32C051F6P6, STM32C051F8P6, STM32C051G6U6, STM32C051G8U6, STM32C051K6T6, STM32C051K6U6, STM32C051K8T6, STM32C071C8T6, STM32C071C8T6N, STM32C071C8U6, STM32C071C8U6N, STM32C071CBT6, STM32C071CBT6N, STM32C071CBU6, STM32C071CBU6N, STM32C071F8P6, STM32C071F8P6N, STM32C071FBP6, STM32C071FBP6N, STM32C071FBY6TR, STM32C071G8U6, STM32C071G8U6N, STM32C071GBU6, STM32C071GBU6N, STM32C071K8T6, STM32C071K8T6N, STM32C071K8U6, STM32C071K8U6N, STM32C071KBT6, STM32C071KBT6N, STM32C071KBU6, STM32C071KBU6N, STM32C071R8T6, STM32C071R8T6N, STM32C071RBI6N, STM32C071RBT6, STM32C071RBT6N, STM32C091CBT6, STM32C091CBU6, STM32C091CCT6, STM32C091CCU6, STM32C091ECY6TR, STM32C091FBP6, STM32C091FCP6, STM32C091GBU6, STM32C091GCU6, STM32C091KBT6, STM32C091KBU6, STM32C091KCT6, STM32C091KCU6, STM32C091RBT6, STM32C091RCI6, STM32C091RCT6, STM32C092CBT6, STM32C092CBU6, STM32C092CCT6, STM32C092CCU6, STM32C092ECY6TR, STM32C092FBP6, STM32C092FCP6, STM32C092GBU6, STM32C092GCU6, STM32C092KBT6, STM32C092KBU6, STM32C092KCT6, STM32C092KCU6, STM32C092RBT6, STM32C092RCI6, STM32C092RCT6, STM32G071K8TXN, STM32G071K8UXN, STM32G081GBU6N, STM32G081KBT6N, STM32G081KBUXN, STM32G0B1CCT6N, STM32G0B1KCT6, STM32G0B1NEY6TR, STM32G0B1RCT6N, STM32G0C1CCT6, STM32G0C1CCT6N, STM32G0C1CCU6N, STM32G0C1CET6N, STM32G0C1CEU6N, STM32G0C1KCT6, STM32G0C1NEY6TR, STM32G0C1RCI6N, STM32G0C1RCT6N, STM32G0C1REI6N, STM32G0C1RET6N, STM32G0C1VCI6, STM32G0C1VEI6, STM32G411C6T3, STM32G411C6T6, STM32G411C6U3, STM32G411C6U6, STM32G411C8T3, STM32G411C8T6, STM32G411C8U3, STM32G411C8U6, STM32G411CBT3, STM32G411CBT6, STM32G411CBU3, STM32G411CBU6, STM32G411K6T3, STM32G411K6T6, STM32G411K6U3, STM32G411K6U6, STM32G411K8T3, STM32G411K8T6, STM32G411K8U3, STM32G411K8U6, STM32G411KBT3, STM32G411KBT6, STM32G411KBU3, STM32G411KBU6, STM32G411M6T3, STM32G411M6T6, STM32G411M8T3, STM32G411M8T6, STM32G411MBT3, STM32G411MBT6, STM32G411R6T3, STM32G411R6T6, STM32G411R8T3, STM32G411R8T6, STM32G411RBT3, STM32G411RBT6, STM32G414CBT3, STM32G414CBT6, STM32G414CBU3, STM32G414CBU6, STM32G414CCT3, STM32G414CCT6, STM32G414CCU3, STM32G414CCU6, STM32G414MBT3, STM32G414MBT6, STM32G414MCT3, STM32G414MCT6, STM32G414RBT3, STM32G414RBT6, STM32G414RCT3, STM32G414RCT6, STM32G414VBT3, STM32G414VBT6, STM32G414VCT3, STM32G414VCT6, STM32G431CBT3Z, STM32G431RBT3Z, STM32G471CCT6, STM32G471CCU6, STM32G471CET3, STM32G471CET6, STM32G471CEU3, STM32G471CEU6, STM32G471MCT6, STM32G471MET3, STM32G471MET6, STM32G471MEY6TR, STM32G471QCT6, STM32G471QET3, STM32G471RCT6, STM32G471RET3, STM32G471RET6, STM32G471VCH6, STM32G471VCI6, STM32G471VCT6, STM32G471VEH3, STM32G471VEH6, STM32G471VEI3, STM32G471VEI6, STM32G471VET3, STM32G471VET6, STM32G473QET3Z, STM32G473RET3Z, STM32G474CCT6, STM32G491RET3Z, STM32H503CBT6, STM32H503CBU6, STM32H503EBY6TR, STM32H503KBU6, STM32H503RBT6, STM32H523CCT6, STM32H523CCU6, STM32H523CET6, STM32H523CEU6, STM32H523HEY6TR, STM32H523RCT6, STM32H523RET6, STM32H523VCI6, STM32H523VCT6, STM32H523VEI6, STM32H523VET6, STM32H523ZCJ6, STM32H523ZCT6, STM32H523ZEJ6, STM32H523ZET6, STM32H533CET6, STM32H533CEU6, STM32H533HEY6TR, STM32H533RET6, STM32H533VEI6, STM32H533VET6, STM32H533ZEJ6, STM32H533ZET6, STM32H562AGI6, STM32H562AII6, STM32H562IGK6, STM32H562IGT6, STM32H562IIK6, STM32H562IIT6, STM32H562RGT6, STM32H562RGV6, STM32H562RIT6, STM32H562RIV6, STM32H562VGT6, STM32H562VIT6, STM32H562ZGT6, STM32H562ZIT6, STM32H563AGI6, STM32H563AII3Q, STM32H563AII6, STM32H563IGK6, STM32H563IGT6, STM32H563IIK3Q, STM32H563IIK6, STM32H563IIT3Q, STM32H563IIT6, STM32H563MIY3QTR, STM32H563RGT6, STM32H563RGV6, STM32H563RIT6, STM32H563RIV6, STM32H563VGT6, STM32H563VIT3Q, STM32H563VIT6, STM32H563ZGT6, STM32H563ZIT3Q, STM32H563ZIT6, STM32H573AII3Q, STM32H573AII6, STM32H573I-DK, STM32H573IIK3Q, STM32H573IIK6, STM32H573IIT3Q, STM32H573IIT6, STM32H573MIY3QTR, STM32H573RIT6, STM32H573RIV6, STM32H573VIT3Q, STM32H573VIT6, STM32H573ZIT3Q, STM32H573ZIT6, STM32H7R3A8I6, STM32H7R3I8K6, STM32H7R3I8T6, STM32H7R3L8H6, STM32H7R3L8H6H, STM32H7R3R8V6, STM32H7R3V8H6, STM32H7R3V8T6, STM32H7R3V8Y6TR, STM32H7R3Z8J6, STM32H7R3Z8T6, STM32H7R7A8I6, STM32H7R7I8K6, STM32H7R7I8T6, STM32H7R7L8H6, STM32H7R7L8H6H, STM32H7R7Z8J6, STM32H7S3A8I6, STM32H7S3I8K6, STM32H7S3I8T6, STM32H7S3L8H6, STM32H7S3L8H6H, STM32H7S3R8V6, STM32H7S3V8H6, STM32H7S3V8T6, STM32H7S3V8Y6TR, STM32H7S3Z8J6, STM32H7S3Z8T6, STM32H7S78-DK, STM32H7S7A8I6, STM32H7S7I8K6, STM32H7S7I8T6, STM32H7S7L8H6, STM32H7S7L8H6H, STM32H7S7Z8J6, STM32L4R5QGI6STR, STM32MP131AAE3, STM32MP131AAF3, STM32MP131AAG3, STM32MP131CAE3, STM32MP131CAF3, STM32MP131CAG3, STM32MP131DAE7, STM32MP131DAF7, STM32MP131DAG7, STM32MP131FAE7, STM32MP131FAF7, STM32MP131FAG7, STM32MP133AAE3, STM32MP133AAF3, STM32MP133AAG3, STM32MP133CAE3, STM32MP133CAF3, STM32MP133CAG3, STM32MP133DAE7, STM32MP133DAF7, STM32MP133DAG7, STM32MP133FAE7, STM32MP133FAF7, STM32MP133FAG7, STM32MP135AAE3, STM32MP135AAF3, STM32MP135AAG3, STM32MP135CAE3, STM32MP135CAF3, STM32MP135CAG3, STM32MP135DAE7, STM32MP135DAF7, STM32MP135DAG7, STM32MP135F-DK, STM32MP135FAE7, STM32MP135FAF7, STM32MP135FAF7T, STM32MP135FAF7U, STM32MP135FAG7, STM32MP211AAL3, STM32MP211AAM3, STM32MP211AAN3, STM32MP211AAO3, STM32MP211CAL3, STM32MP211CAM3, STM32MP211CAN3, STM32MP211CAO3, STM32MP211DAL3, STM32MP211DAM3, STM32MP211DAN3, STM32MP211DAO3, STM32MP211FAL3, STM32MP211FAM3, STM32MP211FAN3, STM32MP211FAO3, STM32MP213AAL3, STM32MP213AAM3, STM32MP213AAN3, STM32MP213AAO3, STM32MP213CAL3, STM32MP213CAM3, STM32MP213CAN3, STM32MP213CAO3, STM32MP213DAL3, STM32MP213DAM3, STM32MP213DAN3, STM32MP213DAO3, STM32MP213FAL3, STM32MP213FAM3, STM32MP213FAN3, STM32MP213FAO3, STM32MP215AAL3, STM32MP215AAM3, STM32MP215AAN3, STM32MP215AAO3, STM32MP215CAL3, STM32MP215CAM3, STM32MP215CAN3, STM32MP215CAO3, STM32MP215DAL3, STM32MP215DAM3, STM32MP215DAN3, STM32MP215DAO3, STM32MP215F-DK, STM32MP215FAL3, STM32MP215FAM3, STM32MP215FAN3, STM32MP215FAO3, STM32MP231AAJ3, STM32MP231AAK3, STM32MP231AAL3, STM32MP231CAJ3, STM32MP231CAK3, STM32MP231CAL3, STM32MP231DAJ3, STM32MP231DAK3, STM32MP231DAL3, STM32MP231FAJ3, STM32MP231FAK3, STM32MP231FAL3, STM32MP233AAJ3, STM32MP233AAK3, STM32MP233AAL3, STM32MP233CAJ3, STM32MP233CAK3, STM32MP233CAL3, STM32MP233DAJ3, STM32MP233DAK3, STM32MP233DAL3, STM32MP233FAJ3, STM32MP233FAK3, STM32MP233FAL3, STM32MP235AAJ3, STM32MP235AAK3, STM32MP235AAL3, STM32MP235CAJ3, STM32MP235CAK3, STM32MP235CAL3, STM32MP235DAJ3, STM32MP235DAK3, STM32MP235DAL3, STM32MP235FAJ3, STM32MP235FAK3, STM32MP235FAL3, STM32MP251AAI3, STM32MP251AAK3, STM32MP251AAL3, STM32MP251CAI3, STM32MP251CAK3, STM32MP251CAL3, STM32MP251DAI3, STM32MP251DAK3, STM32MP251DAL3, STM32MP251FAI3, STM32MP251FAK3, STM32MP251FAL3, STM32MP253AAI3, STM32MP253AAK3, STM32MP253AAL3, STM32MP253CAI3, STM32MP253CAK3, STM32MP253CAL3, STM32MP253DAI3, STM32MP253DAK3, STM32MP253DAL3, STM32MP253FAI3, STM32MP253FAK3, STM32MP253FAL3, STM32MP255AAI3, STM32MP255AAK3, STM32MP255AAL3, STM32MP255CAI3, STM32MP255CAK3, STM32MP255CAL3, STM32MP255DAI3, STM32MP255DAK3, STM32MP255DAL3, STM32MP255FAI3, STM32MP255FAK3, STM32MP255FAL3, STM32MP257AAI3, STM32MP257AAK3, STM32MP257AAL3, STM32MP257CAI3, STM32MP257CAK3, STM32MP257CAL3, STM32MP257DAI3, STM32MP257DAK3, STM32MP257DAL3, STM32MP257F-DK, STM32MP257F-EV1, STM32MP257FAI3, STM32MP257FAK3, STM32MP257FAL3, STM32N645A0H3Q, STM32N645B0H3Q, STM32N645I0H3Q, STM32N645L0H3Q, STM32N645X0H3Q, STM32N645Z0H3Q, STM32N647A0H3Q, STM32N647B0H3Q, STM32N647I0H3Q, STM32N647L0H3Q, STM32N647X0H3Q, STM32N647Z0H3Q, STM32N655A0H3Q, STM32N655B0H3Q, STM32N655I0H3Q, STM32N655L0H3Q, STM32N655X0H3Q, STM32N655Z0H3Q, STM32N6570-DK, STM32N657A0H3Q, STM32N657B0H3Q, STM32N657I0H3Q, STM32N657L0H3Q, STM32N657X0H3Q, STM32N657Z0H3Q, STM32U031C6T6, STM32U031C6U6, STM32U031C8T6, STM32U031C8U6, STM32U031F4P6, STM32U031F6P6, STM32U031F8P6, STM32U031G6Y6TR, STM32U031G8Y6TR, STM32U031K4U6, STM32U031K6U6, STM32U031K8U6, STM32U031R6I6, STM32U031R6T6, STM32U031R8I6, STM32U031R8T6, STM32U073C8T6, STM32U073C8U6, STM32U073CBT6, STM32U073CBU6, STM32U073CCT6, STM32U073CCU6, STM32U073H8Y6TR, STM32U073HBY6TR, STM32U073HCY6TR, STM32U073K8U6, STM32U073KBU6, STM32U073KCU6, STM32U073M8I6, STM32U073M8T6, STM32U073MBI6, STM32U073MBT6, STM32U073MCI6, STM32U073MCT6, STM32U073R8I6, STM32U073R8T6, STM32U073RBI6, STM32U073RBT6, STM32U073RCI6, STM32U073RCT6, STM32U083C-DK, STM32U083CCT6, STM32U083CCU6, STM32U083HCY6TR, STM32U083KCU6, STM32U083MCI6, STM32U083MCT6, STM32U083RCI6, STM32U083RCT6, STM32U375CET6, STM32U375CET6Q, STM32U375CEU6, STM32U375CEU6Q, STM32U375CEY6QTR, STM32U375CGT6, STM32U375CGT6Q, STM32U375CGU6, STM32U375CGU6Q, STM32U375CGY6QTR, STM32U375KEU6, STM32U375KGU6, STM32U375REI6, STM32U375REI6Q, STM32U375RET6, STM32U375RET6Q, STM32U375REY6GTR, STM32U375REY6QTR, STM32U375RGI6, STM32U375RGI6Q, STM32U375RGT6, STM32U375RGT6Q, STM32U375RGY6GTR, STM32U375RGY6QTR, STM32U375VEI6, STM32U375VEI6Q, STM32U375VET6, STM32U375VET6Q, STM32U375VGI6, STM32U375VGI6Q, STM32U375VGT6, STM32U375VGT6Q, STM32U385CGT6, STM32U385CGT6Q, STM32U385CGU6, STM32U385CGU6Q, STM32U385CGY6QTR, STM32U385KGU6, STM32U385RGI6, STM32U385RGI6Q, STM32U385RGT6, STM32U385RGT6Q, STM32U385RGY6GTR, STM32U385RGY6QTR, STM32U385VGI6, STM32U385VGI6Q, STM32U385VGT6, STM32U385VGT6Q, STM32U535CBT6, STM32U535CBT6Q, STM32U535CBU6, STM32U535CBU6Q, STM32U535CCT6, STM32U535CCT6Q, STM32U535CCU6, STM32U535CCU6Q, STM32U535CET6, STM32U535CET6Q, STM32U535CEU6, STM32U535CEU6Q, STM32U535JEY6QTR, STM32U535NCY6QTR, STM32U535NEY6QTR, STM32U535RBI6, STM32U535RBI6Q, STM32U535RBT6, STM32U535RBT6Q, STM32U535RCI6, STM32U535RCI6Q, STM32U535RCT6, STM32U535RCT6Q, STM32U535REI6, STM32U535REI6Q, STM32U535RET6, STM32U535RET6Q, STM32U535VCI6, STM32U535VCI6Q, STM32U535VCT6, STM32U535VCT6Q, STM32U535VEI6, STM32U535VEI6Q, STM32U535VET6, STM32U535VET6Q, STM32U545CET6, STM32U545CET6Q, STM32U545CEU6, STM32U545CEU6Q, STM32U545JEY6QTR, STM32U545NEY6QTR, STM32U545REI6, STM32U545REI6Q, STM32U545RET6, STM32U545RET6Q, STM32U545VEI6, STM32U545VEI6Q, STM32U545VET6, STM32U545VET6Q, STM32U595AIH6, STM32U595AIH6Q, STM32U595AJH6, STM32U595AJH6Q, STM32U595QII6, STM32U595QII6Q, STM32U595QJI6, STM32U595QJI6Q, STM32U595RIT6, STM32U595RIT6Q, STM32U595RJT6, STM32U595RJT6Q, STM32U595VIT6, STM32U595VIT6Q, STM32U595VJT6, STM32U595VJT6Q, STM32U595ZIT6, STM32U595ZIT6Q, STM32U595ZIY6QTR, STM32U595ZJT6, STM32U595ZJT6Q, STM32U595ZJY6QTR, STM32U599BJY6QTR, STM32U599NIH6Q, STM32U599NJH6Q, STM32U599VIT6Q, STM32U599VJT6, STM32U599VJT6Q, STM32U599ZIT6Q, STM32U599ZIY6QTR, STM32U599ZJT6Q, STM32U599ZJY6QTR, STM32U5A5AJH6, STM32U5A5AJH6Q, STM32U5A5QII3Q , STM32U5A5QJI6, STM32U5A5QJI6Q, STM32U5A5RJT6, STM32U5A5RJT6Q, STM32U5A5VJT6, STM32U5A5VJT6Q, STM32U5A5ZJT6, STM32U5A5ZJT6Q, STM32U5A5ZJY6QTR, STM32U5A9BJY6QTR, STM32U5A9J-DK, STM32U5A9NJH6Q, STM32U5A9VJT6Q, STM32U5A9ZJT6Q, STM32U5A9ZJY6QTR, STM32U5F7VIT6, STM32U5F7VIT6Q, STM32U5F7VJT6, STM32U5F7VJT6Q, STM32U5F9BJY6QTR, STM32U5F9NJH6Q, STM32U5F9VIT6Q, STM32U5F9VJT6Q, STM32U5F9ZIJ6QTR, STM32U5F9ZIT6Q, STM32U5F9ZJJ6QTR, STM32U5F9ZJT6Q, STM32U5G7VJT6, STM32U5G7VJT6Q, STM32U5G9BJY6QTR, STM32U5G9J-DK1, STM32U5G9J-DK2, STM32U5G9NJH6Q, STM32U5G9VJT6Q, STM32U5G9ZJJ6QTR, STM32U5G9ZJT6Q, STM32WB05KZV6TR, STM32WB05KZV7TR, STM32WB05TZF6TR, STM32WB05TZF7TR, STM32WB06CCF6TR, STM32WB06CCF7TR, STM32WB06CCV6TR, STM32WB06CCV7TR, STM32WB06KCV6TR, STM32WB06KCV7TR, STM32WB07CCF6TR, STM32WB07CCF7TR, STM32WB07CCV6TR, STM32WB07CCV7TR, STM32WB07KCV6TR, STM32WB07KCV7TR, STM32WB09KEV6TR, STM32WB09KEV7TR, STM32WB09TEF6TR, STM32WB09TEF7TR, STM32WB1MMCH6, STM32WBA50KGU6, STM32WBA50KGU6TR, STM32WBA52CEU6, STM32WBA52CEU6TR, STM32WBA52CEU7, STM32WBA52CEU7TR, STM32WBA52CGU6, STM32WBA52CGU6TR, STM32WBA52CGU6U, STM32WBA52CGU7, STM32WBA52CGU7TR, STM32WBA52KEU6, STM32WBA52KEU6TR, STM32WBA52KGU6, STM32WBA52KGU6TR, STM32WBA54CEU6, STM32WBA54CEU6TR, STM32WBA54CEU7, STM32WBA54CEU7TR, STM32WBA54CGU6, STM32WBA54CGU6TR, STM32WBA54CGU7, STM32WBA54CGU7TR, STM32WBA54KEU6, STM32WBA54KEU6TR, STM32WBA54KEU7, STM32WBA54KEU7TR, STM32WBA54KGU6, STM32WBA54KGU6TR, STM32WBA54KGU7, STM32WBA54KGU7TR, STM32WBA55CEU6, STM32WBA55CEU6TR, STM32WBA55CEU7, STM32WBA55CEU7TR, STM32WBA55CGU6, STM32WBA55CGU6TR, STM32WBA55CGU6U, STM32WBA55CGU7, STM32WBA55CGU7TR, STM32WBA55G-DK1, STM32WBA55HEF6, STM32WBA55HEF7, STM32WBA55HGF6, STM32WBA55HGF7, STM32WBA55UEI6, STM32WBA55UEI6TR, STM32WBA55UEI7, STM32WBA55UEI7TR, STM32WBA55UGI6, STM32WBA55UGI6TR, STM32WBA55UGI7, STM32WBA55UGI7TR, STM32WBA5MMGH6TR, STM32WBA62MGF6, STM32WBA62MIF6, STM32WBA65MGF7, STM32WBA65MIF6, STM32WBA65MIF7, STM32WL30K8V6, STM32WL30KBV6, STM32WL31C8V6, STM32WL31CBV6, STM32WL31K8V6, STM32WL31KBV6, STM32WL33C8V6, STM32WL33C8V6X, STM32WL33CBV6, STM32WL33CBV6X, STM32WL33CCV6, STM32WL33CCV6A, STM32WL33CCV6X, STM32WL33K8V7, STM32WL33K8V7X, STM32WL33KBV7 , STM32WL33KBV7X, STM32WL33KCV7, STM32WL33KCV7X, STM32WL5MOCH6, STM32WL5MOCH6TR]
2026-08-06 21:08:52,401 [INFO] DbMcus:218 - Found 5250 MCUs, 5097 are supported
2026-08-06 21:08:52,403 [INFO] ApiDb:414 - User favorites file not found: C:\Users\user/.stm32cubeide/favorites.mcus.txt
2026-08-06 21:08:52,404 [INFO] DbMcus:224 - Set 0 / 0 favorites MCUs
2026-08-06 21:08:54,484 [INFO] ApiDb:668 - CubeFinder database Data Model version=2.1
2026-08-06 21:08:54,484 [INFO] ApiDb:669 - CubeFinder database Configuration version=3.0.42
2026-08-06 21:08:54,484 [INFO] ApiDb:670 - CubeFinder database generation date=2026-06-23 (1782213372)
2026-08-06 21:08:54,484 [INFO] ApiDb:671 - CubeFinder database FW Pack versions=[FP-ATR-ASTRA1_V2.0.0, FP-SNS-FLIGHT1_V5.1.0, FP-SNS-MOTENV1_V5.1.0, FP-SNS-MOTENVWB1_V1.5.0, FP-SNS-SMARTAG2_V1.2.0, FP-SNS-STBOX1_V2.1.0, STM32Cube_FW_C0_V1.4.0, STM32Cube_FW_F4_V1.28.3, STM32Cube_FW_F7_V1.17.4, STM32Cube_FW_G0_V1.6.3, STM32Cube_FW_G4_V1.6.2, STM32Cube_FW_H5_V1.7.0, STM32Cube_FW_H7RS_V1.3.0, STM32Cube_FW_H7_V1.13.0, STM32Cube_FW_L0_V1.12.2, STM32Cube_FW_L4_V1.18.2, STM32Cube_FW_L5_V1.6.0, STM32Cube_FW_N6_V1.4.0, STM32Cube_FW_U0_V1.3.0, STM32Cube_FW_U3_V1.4.0, STM32Cube_FW_U5_V1.9.0, STM32Cube_FW_WB0_V1.5.0, STM32Cube_FW_WBA_V1.10.0, STM32Cube_FW_WB_V1.24.0, STM32Cube_FW_WL3_V1.5.0, STM32Cube_FW_WL_V1.6.0, X-CUBE-ALGOBUILD_V1.5.0, X-CUBE-ALS_V1.0.2, X-CUBE-AZRTOS-F4_V1.1.0, X-CUBE-AZRTOS-F7_V1.1.0, X-CUBE-AZRTOS-G0_V1.1.0, X-CUBE-AZRTOS-G4_V2.0.0, X-CUBE-AZRTOS-H7RS_V1.1.0, X-CUBE-AZRTOS-H7_V3.5.0, X-CUBE-AZRTOS-L4_V2.0.0, X-CUBE-AZRTOS-L5_V2.0.0, X-CUBE-AZRTOS-WB_V2.0.0, X-CUBE-AZRTOS-WL_V2.0.0, X-CUBE-BLE1_V7.1.0, X-CUBE-BLE2_V3.3.0, X-CUBE-BLEMGR_V4.1.0, X-CUBE-EEPRMA1_V5.2.0, X-CUBE-FREERTOS_V1.5.0, X-CUBE-GNSS1_V7.1.1, X-CUBE-MEMS1_V12.1.0, X-CUBE-NFC4_V3.0.0, X-CUBE-NFC7_V2.0.0, X-CUBE-SFXS2LP1_V4.0.0, X-CUBE-ST67W61_V1.3.0, X-CUBE-SUBG2_V5.0.0, X-CUBE-TOF1_V3.4.3]
2026-08-06 21:08:54,620 [INFO] DbBoardsSqlite:226 - include board P-NUCLEO-WB55-NUCLEO as a kit item of type 'Nucleo-64'
2026-08-06 21:08:54,621 [INFO] DbBoardsSqlite:226 - include board P-NUCLEO-WB55-USBDONGLE as a kit item of type 'Nucleo USB Dongle'
2026-08-06 21:08:54,622 [INFO] DbBoardsSqlite:226 - include board STEVAL-IDP005V1 as a kit item of type 'Evaluation Board'
2026-08-06 21:08:54,623 [INFO] DbBoardsSqlite:226 - include board STEVAL-IDP005V2 as a kit item of type 'Evaluation Board'
2026-08-06 21:08:54,803 [INFO] ApiDb:240 - Found 880 in-development CPN: [B-G473E-ZEST1S, B-WB1M-WPAN1, B-WBA5M-WPAN, B-WL5M-SUBG1, NUCLEO-C031C6, NUCLEO-C051C8, NUCLEO-C071RB, NUCLEO-C092RC, NUCLEO-H503RB, NUCLEO-H533RE, NUCLEO-H563ZI, NUCLEO-H7S3L8, NUCLEO-N657X0-Q, NUCLEO-U031R8, NUCLEO-U083RC, NUCLEO-U385RG-Q, NUCLEO-U545RE-Q, NUCLEO-U5A5ZJ-Q, NUCLEO-WB05KZ, NUCLEO-WB07CC, NUCLEO-WB09KE, NUCLEO-WBA52CG, NUCLEO-WBA55CG, NUCLEO-WL33CC1, NUCLEO-WL33CC2, STEVAL-PROTEUS1, STEVAL-SMARTAG2, STEVAL-STWINBX1, STM320518-EVAL, STM32C0116-DK, STM32C011D6Y3TR, STM32C011D6Y6TR, STM32C011F4P3, STM32C011F4P6, STM32C011F4U3, STM32C011F4U6TR, STM32C011F6P3, STM32C011F6P6, STM32C011F6U3, STM32C011F6U6TR, STM32C011J4M3, STM32C011J4M6, STM32C011J6M3, STM32C011J6M6, STM32C0316-DK, STM32C031C4T3, STM32C031C4T6, STM32C031C4U3, STM32C031C4U6, STM32C031C6T3, STM32C031C6T6, STM32C031C6U3, STM32C031C6U6, STM32C031F4P3, STM32C031F4P6, STM32C031F6P3, STM32C031F6P6, STM32C031G4U3, STM32C031G4U6, STM32C031G6U3, STM32C031G6U6, STM32C031K4T3, STM32C031K4T6, STM32C031K4U3, STM32C031K4U6, STM32C031K6T3, STM32C031K6T6, STM32C031K6U3, STM32C031K6U6, STM32C051C6T6, STM32C051C6U6, STM32C051C8T6, STM32C051C8U6, STM32C051D8Y6TR, STM32C051F6P6, STM32C051F8P6, STM32C051G6U6, STM32C051G8U6, STM32C051K6T6, STM32C051K6U6, STM32C051K8T6, STM32C071C8T6, STM32C071C8T6N, STM32C071C8U6, STM32C071C8U6N, STM32C071CBT6, STM32C071CBT6N, STM32C071CBU6, STM32C071CBU6N, STM32C071F8P6, STM32C071F8P6N, STM32C071FBP6, STM32C071FBP6N, STM32C071FBY6TR, STM32C071G8U6, STM32C071G8U6N, STM32C071GBU6, STM32C071GBU6N, STM32C071K8T6, STM32C071K8T6N, STM32C071K8U6, STM32C071K8U6N, STM32C071KBT6, STM32C071KBT6N, STM32C071KBU6, STM32C071KBU6N, STM32C071R8T6, STM32C071R8T6N, STM32C071RBI6N, STM32C071RBT6, STM32C071RBT6N, STM32C091CBT6, STM32C091CBU6, STM32C091CCT6, STM32C091CCU6, STM32C091ECY6TR, STM32C091FBP6, STM32C091FCP6, STM32C091GBU6, STM32C091GCU6, STM32C091KBT6, STM32C091KBU6, STM32C091KCT6, STM32C091KCU6, STM32C091RBT6, STM32C091RCI6, STM32C091RCT6, STM32C092CBT6, STM32C092CBU6, STM32C092CCT6, STM32C092CCU6, STM32C092ECY6TR, STM32C092FBP6, STM32C092FCP6, STM32C092GBU6, STM32C092GCU6, STM32C092KBT6, STM32C092KBU6, STM32C092KCT6, STM32C092KCU6, STM32C092RBT6, STM32C092RCI6, STM32C092RCT6, STM32G071K8TXN, STM32G071K8UXN, STM32G081GBU6N, STM32G081KBT6N, STM32G081KBUXN, STM32G0B1CCT6N, STM32G0B1KCT6, STM32G0B1NEY6TR, STM32G0B1RCT6N, STM32G0C1CCT6, STM32G0C1CCT6N, STM32G0C1CCU6N, STM32G0C1CET6N, STM32G0C1CEU6N, STM32G0C1KCT6, STM32G0C1NEY6TR, STM32G0C1RCI6N, STM32G0C1RCT6N, STM32G0C1REI6N, STM32G0C1RET6N, STM32G0C1VCI6, STM32G0C1VEI6, STM32G411C6T3, STM32G411C6T6, STM32G411C6U3, STM32G411C6U6, STM32G411C8T3, STM32G411C8T6, STM32G411C8U3, STM32G411C8U6, STM32G411CBT3, STM32G411CBT6, STM32G411CBU3, STM32G411CBU6, STM32G411K6T3, STM32G411K6T6, STM32G411K6U3, STM32G411K6U6, STM32G411K8T3, STM32G411K8T6, STM32G411K8U3, STM32G411K8U6, STM32G411KBT3, STM32G411KBT6, STM32G411KBU3, STM32G411KBU6, STM32G411M6T3, STM32G411M6T6, STM32G411M8T3, STM32G411M8T6, STM32G411MBT3, STM32G411MBT6, STM32G411R6T3, STM32G411R6T6, STM32G411R8T3, STM32G411R8T6, STM32G411RBT3, STM32G411RBT6, STM32G414CBT3, STM32G414CBT6, STM32G414CBU3, STM32G414CBU6, STM32G414CCT3, STM32G414CCT6, STM32G414CCU3, STM32G414CCU6, STM32G414MBT3, STM32G414MBT6, STM32G414MCT3, STM32G414MCT6, STM32G414RBT3, STM32G414RBT6, STM32G414RCT3, STM32G414RCT6, STM32G414VBT3, STM32G414VBT6, STM32G414VCT3, STM32G414VCT6, STM32G431CBT3Z, STM32G431RBT3Z, STM32G471CCT6, STM32G471CCU6, STM32G471CET3, STM32G471CET6, STM32G471CEU3, STM32G471CEU6, STM32G471MCT6, STM32G471MET3, STM32G471MET6, STM32G471MEY6TR, STM32G471QCT6, STM32G471QET3, STM32G471RCT6, STM32G471RET3, STM32G471RET6, STM32G471VCH6, STM32G471VCI6, STM32G471VCT6, STM32G471VEH3, STM32G471VEH6, STM32G471VEI3, STM32G471VEI6, STM32G471VET3, STM32G471VET6, STM32G473QET3Z, STM32G473RET3Z, STM32G474CCT6, STM32G491RET3Z, STM32H503CBT6, STM32H503CBU6, STM32H503EBY6TR, STM32H503KBU6, STM32H503RBT6, STM32H523CCT6, STM32H523CCU6, STM32H523CET6, STM32H523CEU6, STM32H523HEY6TR, STM32H523RCT6, STM32H523RET6, STM32H523VCI6, STM32H523VCT6, STM32H523VEI6, STM32H523VET6, STM32H523ZCJ6, STM32H523ZCT6, STM32H523ZEJ6, STM32H523ZET6, STM32H533CET6, STM32H533CEU6, STM32H533HEY6TR, STM32H533RET6, STM32H533VEI6, STM32H533VET6, STM32H533ZEJ6, STM32H533ZET6, STM32H562AGI6, STM32H562AII6, STM32H562IGK6, STM32H562IGT6, STM32H562IIK6, STM32H562IIT6, STM32H562RGT6, STM32H562RGV6, STM32H562RIT6, STM32H562RIV6, STM32H562VGT6, STM32H562VIT6, STM32H562ZGT6, STM32H562ZIT6, STM32H563AGI6, STM32H563AII3Q, STM32H563AII6, STM32H563IGK6, STM32H563IGT6, STM32H563IIK3Q, STM32H563IIK6, STM32H563IIT3Q, STM32H563IIT6, STM32H563MIY3QTR, STM32H563RGT6, STM32H563RGV6, STM32H563RIT6, STM32H563RIV6, STM32H563VGT6, STM32H563VIT3Q, STM32H563VIT6, STM32H563ZGT6, STM32H563ZIT3Q, STM32H563ZIT6, STM32H573AII3Q, STM32H573AII6, STM32H573I-DK, STM32H573IIK3Q, STM32H573IIK6, STM32H573IIT3Q, STM32H573IIT6, STM32H573MIY3QTR, STM32H573RIT6, STM32H573RIV6, STM32H573VIT3Q, STM32H573VIT6, STM32H573ZIT3Q, STM32H573ZIT6, STM32H7R3A8I6, STM32H7R3I8K6, STM32H7R3I8T6, STM32H7R3L8H6, STM32H7R3L8H6H, STM32H7R3R8V6, STM32H7R3V8H6, STM32H7R3V8T6, STM32H7R3V8Y6TR, STM32H7R3Z8J6, STM32H7R3Z8T6, STM32H7R7A8I6, STM32H7R7I8K6, STM32H7R7I8T6, STM32H7R7L8H6, STM32H7R7L8H6H, STM32H7R7Z8J6, STM32H7S3A8I6, STM32H7S3I8K6, STM32H7S3I8T6, STM32H7S3L8H6, STM32H7S3L8H6H, STM32H7S3R8V6, STM32H7S3V8H6, STM32H7S3V8T6, STM32H7S3V8Y6TR, STM32H7S3Z8J6, STM32H7S3Z8T6, STM32H7S78-DK, STM32H7S7A8I6, STM32H7S7I8K6, STM32H7S7I8T6, STM32H7S7L8H6, STM32H7S7L8H6H, STM32H7S7Z8J6, STM32L4R5QGI6STR, STM32MP131AAE3, STM32MP131AAF3, STM32MP131AAG3, STM32MP131CAE3, STM32MP131CAF3, STM32MP131CAG3, STM32MP131DAE7, STM32MP131DAF7, STM32MP131DAG7, STM32MP131FAE7, STM32MP131FAF7, STM32MP131FAG7, STM32MP133AAE3, STM32MP133AAF3, STM32MP133AAG3, STM32MP133CAE3, STM32MP133CAF3, STM32MP133CAG3, STM32MP133DAE7, STM32MP133DAF7, STM32MP133DAG7, STM32MP133FAE7, STM32MP133FAF7, STM32MP133FAG7, STM32MP135AAE3, STM32MP135AAF3, STM32MP135AAG3, STM32MP135CAE3, STM32MP135CAF3, STM32MP135CAG3, STM32MP135DAE7, STM32MP135DAF7, STM32MP135DAG7, STM32MP135F-DK, STM32MP135FAE7, STM32MP135FAF7, STM32MP135FAF7T, STM32MP135FAF7U, STM32MP135FAG7, STM32MP211AAL3, STM32MP211AAM3, STM32MP211AAN3, STM32MP211AAO3, STM32MP211CAL3, STM32MP211CAM3, STM32MP211CAN3, STM32MP211CAO3, STM32MP211DAL3, STM32MP211DAM3, STM32MP211DAN3, STM32MP211DAO3, STM32MP211FAL3, STM32MP211FAM3, STM32MP211FAN3, STM32MP211FAO3, STM32MP213AAL3, STM32MP213AAM3, STM32MP213AAN3, STM32MP213AAO3, STM32MP213CAL3, STM32MP213CAM3, STM32MP213CAN3, STM32MP213CAO3, STM32MP213DAL3, STM32MP213DAM3, STM32MP213DAN3, STM32MP213DAO3, STM32MP213FAL3, STM32MP213FAM3, STM32MP213FAN3, STM32MP213FAO3, STM32MP215AAL3, STM32MP215AAM3, STM32MP215AAN3, STM32MP215AAO3, STM32MP215CAL3, STM32MP215CAM3, STM32MP215CAN3, STM32MP215CAO3, STM32MP215DAL3, STM32MP215DAM3, STM32MP215DAN3, STM32MP215DAO3, STM32MP215F-DK, STM32MP215FAL3, STM32MP215FAM3, STM32MP215FAN3, STM32MP215FAO3, STM32MP231AAJ3, STM32MP231AAK3, STM32MP231AAL3, STM32MP231CAJ3, STM32MP231CAK3, STM32MP231CAL3, STM32MP231DAJ3, STM32MP231DAK3, STM32MP231DAL3, STM32MP231FAJ3, STM32MP231FAK3, STM32MP231FAL3, STM32MP233AAJ3, STM32MP233AAK3, STM32MP233AAL3, STM32MP233CAJ3, STM32MP233CAK3, STM32MP233CAL3, STM32MP233DAJ3, STM32MP233DAK3, STM32MP233DAL3, STM32MP233FAJ3, STM32MP233FAK3, STM32MP233FAL3, STM32MP235AAJ3, STM32MP235AAK3, STM32MP235AAL3, STM32MP235CAJ3, STM32MP235CAK3, STM32MP235CAL3, STM32MP235DAJ3, STM32MP235DAK3, STM32MP235DAL3, STM32MP235FAJ3, STM32MP235FAK3, STM32MP235FAL3, STM32MP251AAI3, STM32MP251AAK3, STM32MP251AAL3, STM32MP251CAI3, STM32MP251CAK3, STM32MP251CAL3, STM32MP251DAI3, STM32MP251DAK3, STM32MP251DAL3, STM32MP251FAI3, STM32MP251FAK3, STM32MP251FAL3, STM32MP253AAI3, STM32MP253AAK3, STM32MP253AAL3, STM32MP253CAI3, STM32MP253CAK3, STM32MP253CAL3, STM32MP253DAI3, STM32MP253DAK3, STM32MP253DAL3, STM32MP253FAI3, STM32MP253FAK3, STM32MP253FAL3, STM32MP255AAI3, STM32MP255AAK3, STM32MP255AAL3, STM32MP255CAI3, STM32MP255CAK3, STM32MP255CAL3, STM32MP255DAI3, STM32MP255DAK3, STM32MP255DAL3, STM32MP255FAI3, STM32MP255FAK3, STM32MP255FAL3, STM32MP257AAI3, STM32MP257AAK3, STM32MP257AAL3, STM32MP257CAI3, STM32MP257CAK3, STM32MP257CAL3, STM32MP257DAI3, STM32MP257DAK3, STM32MP257DAL3, STM32MP257F-DK, STM32MP257F-EV1, STM32MP257FAI3, STM32MP257FAK3, STM32MP257FAL3, STM32N645A0H3Q, STM32N645B0H3Q, STM32N645I0H3Q, STM32N645L0H3Q, STM32N645X0H3Q, STM32N645Z0H3Q, STM32N647A0H3Q, STM32N647B0H3Q, STM32N647I0H3Q, STM32N647L0H3Q, STM32N647X0H3Q, STM32N647Z0H3Q, STM32N655A0H3Q, STM32N655B0H3Q, STM32N655I0H3Q, STM32N655L0H3Q, STM32N655X0H3Q, STM32N655Z0H3Q, STM32N6570-DK, STM32N657A0H3Q, STM32N657B0H3Q, STM32N657I0H3Q, STM32N657L0H3Q, STM32N657X0H3Q, STM32N657Z0H3Q, STM32U031C6T6, STM32U031C6U6, STM32U031C8T6, STM32U031C8U6, STM32U031F4P6, STM32U031F6P6, STM32U031F8P6, STM32U031G6Y6TR, STM32U031G8Y6TR, STM32U031K4U6, STM32U031K6U6, STM32U031K8U6, STM32U031R6I6, STM32U031R6T6, STM32U031R8I6, STM32U031R8T6, STM32U073C8T6, STM32U073C8U6, STM32U073CBT6, STM32U073CBU6, STM32U073CCT6, STM32U073CCU6, STM32U073H8Y6TR, STM32U073HBY6TR, STM32U073HCY6TR, STM32U073K8U6, STM32U073KBU6, STM32U073KCU6, STM32U073M8I6, STM32U073M8T6, STM32U073MBI6, STM32U073MBT6, STM32U073MCI6, STM32U073MCT6, STM32U073R8I6, STM32U073R8T6, STM32U073RBI6, STM32U073RBT6, STM32U073RCI6, STM32U073RCT6, STM32U083C-DK, STM32U083CCT6, STM32U083CCU6, STM32U083HCY6TR, STM32U083KCU6, STM32U083MCI6, STM32U083MCT6, STM32U083RCI6, STM32U083RCT6, STM32U375CET6, STM32U375CET6Q, STM32U375CEU6, STM32U375CEU6Q, STM32U375CEY6QTR, STM32U375CGT6, STM32U375CGT6Q, STM32U375CGU6, STM32U375CGU6Q, STM32U375CGY6QTR, STM32U375KEU6, STM32U375KGU6, STM32U375REI6, STM32U375REI6Q, STM32U375RET6, STM32U375RET6Q, STM32U375REY6GTR, STM32U375REY6QTR, STM32U375RGI6, STM32U375RGI6Q, STM32U375RGT6, STM32U375RGT6Q, STM32U375RGY6GTR, STM32U375RGY6QTR, STM32U375VEI6, STM32U375VEI6Q, STM32U375VET6, STM32U375VET6Q, STM32U375VGI6, STM32U375VGI6Q, STM32U375VGT6, STM32U375VGT6Q, STM32U385CGT6, STM32U385CGT6Q, STM32U385CGU6, STM32U385CGU6Q, STM32U385CGY6QTR, STM32U385KGU6, STM32U385RGI6, STM32U385RGI6Q, STM32U385RGT6, STM32U385RGT6Q, STM32U385RGY6GTR, STM32U385RGY6QTR, STM32U385VGI6, STM32U385VGI6Q, STM32U385VGT6, STM32U385VGT6Q, STM32U535CBT6, STM32U535CBT6Q, STM32U535CBU6, STM32U535CBU6Q, STM32U535CCT6, STM32U535CCT6Q, STM32U535CCU6, STM32U535CCU6Q, STM32U535CET6, STM32U535CET6Q, STM32U535CEU6, STM32U535CEU6Q, STM32U535JEY6QTR, STM32U535NCY6QTR, STM32U535NEY6QTR, STM32U535RBI6, STM32U535RBI6Q, STM32U535RBT6, STM32U535RBT6Q, STM32U535RCI6, STM32U535RCI6Q, STM32U535RCT6, STM32U535RCT6Q, STM32U535REI6, STM32U535REI6Q, STM32U535RET6, STM32U535RET6Q, STM32U535VCI6, STM32U535VCI6Q, STM32U535VCT6, STM32U535VCT6Q, STM32U535VEI6, STM32U535VEI6Q, STM32U535VET6, STM32U535VET6Q, STM32U545CET6, STM32U545CET6Q, STM32U545CEU6, STM32U545CEU6Q, STM32U545JEY6QTR, STM32U545NEY6QTR, STM32U545REI6, STM32U545REI6Q, STM32U545RET6, STM32U545RET6Q, STM32U545VEI6, STM32U545VEI6Q, STM32U545VET6, STM32U545VET6Q, STM32U595AIH6, STM32U595AIH6Q, STM32U595AJH6, STM32U595AJH6Q, STM32U595QII6, STM32U595QII6Q, STM32U595QJI6, STM32U595QJI6Q, STM32U595RIT6, STM32U595RIT6Q, STM32U595RJT6, STM32U595RJT6Q, STM32U595VIT6, STM32U595VIT6Q, STM32U595VJT6, STM32U595VJT6Q, STM32U595ZIT6, STM32U595ZIT6Q, STM32U595ZIY6QTR, STM32U595ZJT6, STM32U595ZJT6Q, STM32U595ZJY6QTR, STM32U599BJY6QTR, STM32U599NIH6Q, STM32U599NJH6Q, STM32U599VIT6Q, STM32U599VJT6, STM32U599VJT6Q, STM32U599ZIT6Q, STM32U599ZIY6QTR, STM32U599ZJT6Q, STM32U599ZJY6QTR, STM32U5A5AJH6, STM32U5A5AJH6Q, STM32U5A5QII3Q , STM32U5A5QJI6, STM32U5A5QJI6Q, STM32U5A5RJT6, STM32U5A5RJT6Q, STM32U5A5VJT6, STM32U5A5VJT6Q, STM32U5A5ZJT6, STM32U5A5ZJT6Q, STM32U5A5ZJY6QTR, STM32U5A9BJY6QTR, STM32U5A9J-DK, STM32U5A9NJH6Q, STM32U5A9VJT6Q, STM32U5A9ZJT6Q, STM32U5A9ZJY6QTR, STM32U5F7VIT6, STM32U5F7VIT6Q, STM32U5F7VJT6, STM32U5F7VJT6Q, STM32U5F9BJY6QTR, STM32U5F9NJH6Q, STM32U5F9VIT6Q, STM32U5F9VJT6Q, STM32U5F9ZIJ6QTR, STM32U5F9ZIT6Q, STM32U5F9ZJJ6QTR, STM32U5F9ZJT6Q, STM32U5G7VJT6, STM32U5G7VJT6Q, STM32U5G9BJY6QTR, STM32U5G9J-DK1, STM32U5G9J-DK2, STM32U5G9NJH6Q, STM32U5G9VJT6Q, STM32U5G9ZJJ6QTR, STM32U5G9ZJT6Q, STM32WB05KZV6TR, STM32WB05KZV7TR, STM32WB05TZF6TR, STM32WB05TZF7TR, STM32WB06CCF6TR, STM32WB06CCF7TR, STM32WB06CCV6TR, STM32WB06CCV7TR, STM32WB06KCV6TR, STM32WB06KCV7TR, STM32WB07CCF6TR, STM32WB07CCF7TR, STM32WB07CCV6TR, STM32WB07CCV7TR, STM32WB07KCV6TR, STM32WB07KCV7TR, STM32WB09KEV6TR, STM32WB09KEV7TR, STM32WB09TEF6TR, STM32WB09TEF7TR, STM32WB1MMCH6, STM32WBA50KGU6, STM32WBA50KGU6TR, STM32WBA52CEU6, STM32WBA52CEU6TR, STM32WBA52CEU7, STM32WBA52CEU7TR, STM32WBA52CGU6, STM32WBA52CGU6TR, STM32WBA52CGU6U, STM32WBA52CGU7, STM32WBA52CGU7TR, STM32WBA52KEU6, STM32WBA52KEU6TR, STM32WBA52KGU6, STM32WBA52KGU6TR, STM32WBA54CEU6, STM32WBA54CEU6TR, STM32WBA54CEU7, STM32WBA54CEU7TR, STM32WBA54CGU6, STM32WBA54CGU6TR, STM32WBA54CGU7, STM32WBA54CGU7TR, STM32WBA54KEU6, STM32WBA54KEU6TR, STM32WBA54KEU7, STM32WBA54KEU7TR, STM32WBA54KGU6, STM32WBA54KGU6TR, STM32WBA54KGU7, STM32WBA54KGU7TR, STM32WBA55CEU6, STM32WBA55CEU6TR, STM32WBA55CEU7, STM32WBA55CEU7TR, STM32WBA55CGU6, STM32WBA55CGU6TR, STM32WBA55CGU6U, STM32WBA55CGU7, STM32WBA55CGU7TR, STM32WBA55G-DK1, STM32WBA55HEF6, STM32WBA55HEF7, STM32WBA55HGF6, STM32WBA55HGF7, STM32WBA55UEI6, STM32WBA55UEI6TR, STM32WBA55UEI7, STM32WBA55UEI7TR, STM32WBA55UGI6, STM32WBA55UGI6TR, STM32WBA55UGI7, STM32WBA55UGI7TR, STM32WBA5MMGH6TR, STM32WBA62MGF6, STM32WBA62MIF6, STM32WBA65MGF7, STM32WBA65MIF6, STM32WBA65MIF7, STM32WL30K8V6, STM32WL30KBV6, STM32WL31C8V6, STM32WL31CBV6, STM32WL31K8V6, STM32WL31KBV6, STM32WL33C8V6, STM32WL33C8V6X, STM32WL33CBV6, STM32WL33CBV6X, STM32WL33CCV6, STM32WL33CCV6A, STM32WL33CCV6X, STM32WL33K8V7, STM32WL33K8V7X, STM32WL33KBV7 , STM32WL33KBV7X, STM32WL33KCV7, STM32WL33KCV7X, STM32WL5MOCH6, STM32WL5MOCH6TR]
2026-08-06 21:08:55,169 [INFO] BoardInfo:889 - No configuration file found for board NUCLEO-H5E5ZJ
2026-08-06 21:08:55,174 [INFO] DbBoards:161 - Board is not supported: NUCLEO-H5E5ZJ
2026-08-06 21:08:55,358 [INFO] BoardInfo:889 - No configuration file found for board NUCLEO-U3C5ZI-Q
2026-08-06 21:08:55,362 [INFO] DbBoards:161 - Board is not supported: NUCLEO-U3C5ZI-Q
2026-08-06 21:08:55,416 [INFO] BoardInfo:889 - No configuration file found for board NUCLEO-WBA25CE1
2026-08-06 21:08:55,420 [INFO] DbBoards:161 - Board is not supported: NUCLEO-WBA25CE1
2026-08-06 21:08:55,457 [INFO] BoardInfo:889 - No configuration file found for board NUCLEO-WL3RKB1
2026-08-06 21:08:55,461 [INFO] DbBoards:161 - Board is not supported: NUCLEO-WL3RKB1
2026-08-06 21:08:55,464 [INFO] BoardInfo:889 - No configuration file found for board NUCLEO-WL3RKB2
2026-08-06 21:08:55,468 [INFO] DbBoards:161 - Board is not supported: NUCLEO-WL3RKB2
2026-08-06 21:08:55,490 [INFO] BoardInfo:889 - No configuration file found for board P-NUCLEO-WB55
2026-08-06 21:08:55,492 [INFO] DbBoards:161 - Kit is not supported: P-NUCLEO-WB55
2026-08-06 21:08:55,510 [INFO] BoardInfo:889 - No configuration file found for board STEVAL-BFA001V1B
2026-08-06 21:08:55,513 [INFO] DbBoards:161 - Kit is not supported: STEVAL-BFA001V1B
2026-08-06 21:08:55,515 [INFO] BoardInfo:889 - No configuration file found for board STEVAL-BFA001V2B
2026-08-06 21:08:55,518 [INFO] DbBoards:161 - Kit is not supported: STEVAL-BFA001V2B
2026-08-06 21:08:55,855 [INFO] BoardInfo:889 - No configuration file found for board STM32H5F5J-DK
2026-08-06 21:08:55,858 [INFO] DbBoards:161 - Board is not supported: STM32H5F5J-DK
2026-08-06 21:08:56,068 [INFO] DbBoards:168 - Found 218 boards, 209 are supported
2026-08-06 21:08:56,069 [INFO] DbBoards:169 - Found 218 boards, 43 of them is supported for  Bsp
2026-08-06 21:08:56,073 [INFO] ApiDb:414 - User favorites file not found: C:\Users\user/.stm32cubeide/favorites.boards.txt
2026-08-06 21:08:56,073 [INFO] DbBoards:198 - Set 0 / 0 favorites Boards
2026-08-06 21:08:56,074 [INFO] McuFinderGlobals:76 - Set McuFinderConnectedMode to true
2026-08-06 21:08:56,084 [INFO] MultiScanPanel:200 - Auto-refresh data requested => check proxy status ongoing
2026-08-06 21:08:56,109 [INFO] FinderPluginLoader:96 - Searching for filters in installed packs
2026-08-06 21:08:59,373 [INFO] LoadUrlFilesThread:185 - End of LoadServerUrlFiles without Thread
2026-08-06 21:08:59,394 [INFO] DetailPanel:341 - Set advertising image to C:/Users/user/STM32Cube/Repository/\en.stm32h5cubemxbanner.png
2026-08-06 21:09:10,763 [INFO] McuFinderGlobals:76 - Set McuFinderConnectedMode to true
2026-08-06 21:09:11,092 [INFO] ApiDb:448 - Save user favorites file C:\Users\user/.stm32cubeide/favorites.mcus.txt: 0 item(s)
2026-08-06 21:09:11,092 [INFO] ApiDb:452 - User favorites MCUs=[]
2026-08-06 21:10:24,085 [INFO] Activator:176 - 


2026-08-06 21:10:24,088 [INFO] Activator:177 - !SESSION log4j initialized
2026-08-06 21:10:30,674 [INFO] LogOutputStream:77 - [STDOUT_REDIRECT] 
2026-08-06 21:10:44,425 [INFO] ApplicationProperties:184 - Using Application install path: C:\ST\STM32CubeIDE_1.19.0\STM32CubeIDE\plugins\com.st.stm32cube.common.mx_6.15.0.202507011659
2026-08-06 21:10:44,445 [INFO] DbMcusXml:78 - Set database path to: C:\ST\STM32CubeIDE_1.19.0\STM32CubeIDE\plugins\com.st.stm32cube.common.mx_6.15.0.202507011659\\db\/mcu/
2026-08-06 21:10:44,446 [INFO] ApiDb:274 - Set plugin database path to: C:\ST\STM32CubeIDE_1.19.0\STM32CubeIDE\plugins\com.st.stm32cube.common.mx_6.15.0.202507011659\\db\/plugins/boardmanager/
2026-08-06 21:10:44,446 [WARN] ApiDb:259 - Overriding images path with different value:  => C:\ST\STM32CubeIDE_1.19.0\STM32CubeIDE\plugins\com.st.stm32cube.common.mx_6.15.0.202507011659\\db\/plugins/mcufinder/images/
2026-08-06 21:10:44,455 [INFO] ApiDb:250 - Set database path to: C:\Users\user\.stmcufinder\plugins\mcufinder//mcu/
2026-08-06 21:10:44,457 [INFO] DbMcusAds:125 - Set database path to: C:\Users\user\.stmcufinder\plugins\mcufinder//mcu/
2026-08-06 21:10:44,466 [INFO] CrossReferenceDbSqlite:203 - Set database path to: C:\Users\user\.stmcufinder\plugins\mcufinder//mcu/cs/
2026-08-06 21:10:44,697 [INFO] RulesReader:64 - Compatibility file has been processed (317 Rules)
2026-08-06 21:10:44,943 [INFO] DbMcusXml:78 - Set database path to: C:\ST\STM32CubeIDE_1.19.0\STM32CubeIDE\plugins\com.st.stm32cube.common.mx_6.15.0.202507011659\\db\/mcu/
2026-08-06 21:10:44,944 [INFO] ApiDb:274 - Set plugin database path to: C:\ST\STM32CubeIDE_1.19.0\STM32CubeIDE\plugins\com.st.stm32cube.common.mx_6.15.0.202507011659\\db\/plugins/boardmanager/
2026-08-06 21:10:44,944 [INFO] ApiDb:261 - Set plugin images path to: C:\ST\STM32CubeIDE_1.19.0\STM32CubeIDE\plugins\com.st.stm32cube.common.mx_6.15.0.202507011659\\db\/plugins/mcufinder/images/
2026-08-06 21:10:44,944 [WARN] DbFile:41 - Overriding database path with different value: C:\Users\user\.stmcufinder\plugins\mcufinder/ => C:\Users\user\.stmcufinder\plugins\mcufinder
2026-08-06 21:10:44,944 [INFO] ApiDb:250 - Set database path to: C:\Users\user\.stmcufinder\plugins\mcufinder//mcu/
2026-08-06 21:10:44,945 [WARN] DbFile:41 - Overriding database path with different value: C:\Users\user\.stmcufinder\plugins\mcufinder/ => C:\Users\user\.stmcufinder\plugins\mcufinder
2026-08-06 21:10:44,945 [INFO] DbMcusAds:125 - Set database path to: C:\Users\user\.stmcufinder\plugins\mcufinder//mcu/
2026-08-06 21:10:44,945 [WARN] DbFile:41 - Overriding database path with different value: C:\Users\user\.stmcufinder\plugins\mcufinder/ => C:\Users\user\.stmcufinder\plugins\mcufinder
2026-08-06 21:10:44,945 [WARN] DbFile:41 - Overriding database path with different value: C:\Users\user\.stmcufinder\plugins\mcufinder/ => C:\Users\user\.stmcufinder\plugins\mcufinder
2026-08-06 21:10:44,945 [INFO] CrossReferenceDbSqlite:203 - Set database path to: C:\Users\user\.stmcufinder\plugins\mcufinder//mcu/cs/
2026-08-06 21:10:45,077 [INFO] MainPanel:274 - HeapMemory: 268435456
2026-08-06 21:10:45,265 [INFO] DbMcusXml:78 - Set database path to: C:\ST\STM32CubeIDE_1.19.0\STM32CubeIDE\plugins\com.st.stm32cube.common.mx_6.15.0.202507011659\\db\/mcu/
2026-08-06 21:10:45,265 [INFO] ApiDb:274 - Set plugin database path to: C:\ST\STM32CubeIDE_1.19.0\STM32CubeIDE\plugins\com.st.stm32cube.common.mx_6.15.0.202507011659\\db\/plugins/boardmanager/
2026-08-06 21:10:45,266 [INFO] ApiDb:261 - Set plugin images path to: C:\ST\STM32CubeIDE_1.19.0\STM32CubeIDE\plugins\com.st.stm32cube.common.mx_6.15.0.202507011659\\db\/plugins/mcufinder/images/
2026-08-06 21:10:45,267 [WARN] DbFile:41 - Overriding database path with different value: C:\Users\user\.stmcufinder\plugins\mcufinder/ => C:\Users\user\.stmcufinder\plugins\mcufinder
2026-08-06 21:10:45,267 [INFO] ApiDb:250 - Set database path to: C:\Users\user\.stmcufinder\plugins\mcufinder//mcu/
2026-08-06 21:10:45,267 [WARN] DbFile:41 - Overriding database path with different value: C:\Users\user\.stmcufinder\plugins\mcufinder/ => C:\Users\user\.stmcufinder\plugins\mcufinder
2026-08-06 21:10:45,267 [INFO] DbMcusAds:125 - Set database path to: C:\Users\user\.stmcufinder\plugins\mcufinder//mcu/
2026-08-06 21:10:45,268 [WARN] DbFile:41 - Overriding database path with different value: C:\Users\user\.stmcufinder\plugins\mcufinder/ => C:\Users\user\.stmcufinder\plugins\mcufinder
2026-08-06 21:10:45,268 [WARN] DbFile:41 - Overriding database path with different value: C:\Users\user\.stmcufinder\plugins\mcufinder/ => C:\Users\user\.stmcufinder\plugins\mcufinder
2026-08-06 21:10:45,268 [INFO] CrossReferenceDbSqlite:203 - Set database path to: C:\Users\user\.stmcufinder\plugins\mcufinder//mcu/cs/
2026-08-06 21:10:45,304 [INFO] ApplicationProperties:184 - Using Application install path: C:\ST\STM32CubeIDE_1.19.0\STM32CubeIDE\plugins\com.st.stm32cube.common.mx_6.15.0.202507011659
2026-08-06 21:10:45,307 [INFO] PluginManage:196 - Search for loadable plugins [exclusion list=, ]
2026-08-06 21:10:45,310 [INFO] PluginManage:310 - Check plugin analytics
2026-08-06 21:10:45,727 [INFO] AnalyticsPlugin:253 - Accepted Software Licenses: STM32CubeMX.6.18.0
2026-08-06 21:10:45,728 [INFO] AnalyticsPlugin:255 - Accepted CMSIS Pack Licenses: 
2026-08-06 21:10:45,728 [INFO] AnalyticsPlugin:257 - Accepted Firmware Licenses: FW.F4.1.28.0,FW.F4.1.28.3
2026-08-06 21:10:45,735 [INFO] PluginManage:359 - Loaded plugin analytics (category:tool,tabindex:-1)
2026-08-06 21:10:45,736 [INFO] PluginManage:310 - Check plugin cadmodel
2026-08-06 21:10:45,744 [INFO] CADModel:105 - Init CAD model plugin
2026-08-06 21:10:45,744 [INFO] PluginManage:359 - Loaded plugin cadmodel (category:power,tabindex:5)
2026-08-06 21:10:45,745 [INFO] PluginManage:310 - Check plugin clock
2026-08-06 21:10:45,765 [INFO] PluginManage:359 - Loaded plugin clock (category:base,tabindex:2)
2026-08-06 21:10:45,765 [INFO] PluginManage:310 - Check plugin ddr
2026-08-06 21:10:45,771 [INFO] PluginManage:359 - Loaded plugin ddr (category:tool,tabindex:6)
2026-08-06 21:10:45,771 [INFO] PluginManage:310 - Check plugin filemanager
2026-08-06 21:10:46,156 [INFO] PluginManage:359 - Loaded plugin filemanager (category:base,tabindex:10)
2026-08-06 21:10:46,157 [INFO] PluginManage:310 - Check plugin ipmanager
2026-08-06 21:10:46,167 [INFO] PluginManage:359 - Loaded plugin ipmanager (category:base,tabindex:5)
2026-08-06 21:10:46,168 [INFO] PluginManage:310 - Check plugin lpbam
2026-08-06 21:10:46,180 [INFO] PluginManage:359 - Loaded plugin lpbam (category:base,tabindex:0)
2026-08-06 21:10:46,180 [INFO] PluginManage:310 - Check plugin memorymap
2026-08-06 21:10:46,199 [INFO] PluginManage:359 - Loaded plugin memorymap (category:base,tabindex:4)
2026-08-06 21:10:46,199 [INFO] PluginManage:310 - Check plugin pinoutandconfiguration
2026-08-06 21:10:46,209 [INFO] PluginManage:359 - Loaded plugin pinoutandconfiguration (category:base,tabindex:1)
2026-08-06 21:10:46,209 [INFO] PluginManage:310 - Check plugin pinoutconfig
2026-08-06 21:10:46,367 [WARN] SupportedApi:132 - Cannot load RTOS API schema: s4s-elt-must-match.1: The content of 'definitions' must match (annotation?, (simpleType | complexType)?, (unique | key | keyref)*)). A problem was found starting at: attribute.
2026-08-06 21:10:46,641 [INFO] PluginManage:359 - Loaded plugin pinoutconfig (category:base,tabindex:0)
2026-08-06 21:10:46,641 [INFO] PluginManage:310 - Check plugin power
2026-08-06 21:10:46,655 [INFO] PluginManage:359 - Loaded plugin power (category:power,tabindex:4)
2026-08-06 21:10:46,655 [INFO] PluginManage:310 - Check plugin projectmanager
2026-08-06 21:10:46,682 [INFO] PluginManage:359 - Loaded plugin projectmanager (category:projectmanager,tabindex:4)
2026-08-06 21:10:46,682 [INFO] PluginManage:310 - Check plugin rif
2026-08-06 21:10:46,695 [INFO] PluginManage:359 - Loaded plugin rif (category:base,tabindex:3)
2026-08-06 21:10:46,695 [INFO] PluginManage:310 - Check plugin thirdparty
2026-08-06 21:10:46,947 [WARN] IntegrityCheckThread:84 - waiting for thirdparty lock release [integrity check]
2026-08-06 21:10:46,948 [INFO] PluginManage:359 - Loaded plugin thirdparty (category:base,tabindex:-1)
2026-08-06 21:10:46,948 [INFO] IntegrityCheckThread:86 - entering critical section [integrity check]
2026-08-06 21:10:46,948 [INFO] PluginManage:310 - Check plugin tools
2026-08-06 21:10:46,948 [INFO] ThirdPartyUpdaterWithRetryManager:70 - Updater plugin not ready yet. [1/15]
2026-08-06 21:10:46,954 [INFO] PluginManage:359 - Loaded plugin tools (category:base,tabindex:7)
2026-08-06 21:10:46,954 [INFO] PluginManage:310 - Check plugin tutovideos
2026-08-06 21:10:47,316 [INFO] PluginManage:359 - Loaded plugin tutovideos (category:base,tabindex:-1)
2026-08-06 21:10:47,316 [INFO] PluginManage:310 - Check plugin updater
2026-08-06 21:10:47,354 [INFO] PluginManage:359 - Loaded plugin updater (category:base,tabindex:12)
2026-08-06 21:10:47,355 [INFO] PluginManage:310 - Check plugin userauth
2026-08-06 21:10:47,363 [INFO] UserAuth:118 - Init User Auth plugin
2026-08-06 21:10:47,365 [INFO] PluginManage:359 - Loaded plugin userauth (category:base,tabindex:14)
2026-08-06 21:10:47,365 [INFO] PluginManage:283 - PluginManage : Loaded plugins [18]
2026-08-06 21:10:47,443 [INFO] McuFinderGlobals:63 - Set McuFinder mode to 2 (CubeIDE integrated)
2026-08-06 21:10:47,798 [INFO] PinOutPanel:1589 - setPackage(No Configuration,No Configuration)
2026-08-06 21:10:47,932 [INFO] CADModel:165 - CPN selected for project level
2026-08-06 21:10:47,932 [INFO] CADModel:114 - Register for checkConnection events
2026-08-06 21:10:47,953 [INFO] IPUIPlugin:80 - create IPUIPlugin
2026-08-06 21:10:47,954 [INFO] PluginManager:220 - loadIPPluginJar : add adc
2026-08-06 21:10:47,958 [INFO] IPUIPlugin:80 - create IPUIPlugin
2026-08-06 21:10:47,958 [INFO] PluginManager:220 - loadIPPluginJar : add aes
2026-08-06 21:10:47,962 [INFO] IPUIPlugin:80 - create IPUIPlugin
2026-08-06 21:10:47,962 [INFO] PluginManager:220 - loadIPPluginJar : add can
2026-08-06 21:10:47,965 [INFO] IPUIPlugin:80 - create IPUIPlugin
2026-08-06 21:10:47,965 [INFO] PluginManager:220 - loadIPPluginJar : add comp
2026-08-06 21:10:47,968 [INFO] IPUIPlugin:80 - create IPUIPlugin
2026-08-06 21:10:47,968 [INFO] PluginManager:220 - loadIPPluginJar : add cryp
2026-08-06 21:10:47,972 [INFO] IPUIPlugin:80 - create IPUIPlugin
2026-08-06 21:10:47,972 [INFO] PluginManager:220 - loadIPPluginJar : add ddr_ctrl_phy
2026-08-06 21:10:47,975 [INFO] IPUIPlugin:80 - create IPUIPlugin
2026-08-06 21:10:47,975 [INFO] PluginManager:220 - loadIPPluginJar : add dfsdm
2026-08-06 21:10:47,981 [INFO] IPUIPlugin:80 - create IPUIPlugin
2026-08-06 21:10:47,981 [INFO] PluginManager:220 - loadIPPluginJar : add dma
2026-08-06 21:10:47,984 [INFO] IPUIPlugin:80 - create IPUIPlugin
2026-08-06 21:10:47,984 [INFO] PluginManager:220 - loadIPPluginJar : add dma3
2026-08-06 21:10:47,987 [INFO] IPUIPlugin:80 - create IPUIPlugin
2026-08-06 21:10:47,988 [INFO] PluginManager:220 - loadIPPluginJar : add extmemmanager
2026-08-06 21:10:47,990 [INFO] IPUIPlugin:80 - create IPUIPlugin
2026-08-06 21:10:47,990 [INFO] PluginManager:220 - loadIPPluginJar : add fatfs
2026-08-06 21:10:47,995 [INFO] IPUIPlugin:80 - create IPUIPlugin
2026-08-06 21:10:47,996 [INFO] PluginManager:220 - loadIPPluginJar : add fmc
2026-08-06 21:10:48,001 [INFO] IPUIPlugin:80 - create IPUIPlugin
2026-08-06 21:10:48,001 [INFO] PluginManager:220 - loadIPPluginJar : add freertos
2026-08-06 21:10:48,002 [INFO] IPUIPlugin:80 - create IPUIPlugin
2026-08-06 21:10:48,002 [INFO] PluginManager:220 - loadIPPluginJar : add genericplugin
2026-08-06 21:10:48,006 [INFO] IPUIPlugin:80 - create IPUIPlugin
2026-08-06 21:10:48,007 [INFO] PluginManager:220 - loadIPPluginJar : add gfxmmu
2026-08-06 21:10:48,013 [INFO] IPUIPlugin:80 - create IPUIPlugin
2026-08-06 21:10:48,013 [INFO] PluginManager:220 - loadIPPluginJar : add gic
2026-08-06 21:10:48,018 [INFO] IPUIPlugin:80 - create IPUIPlugin
2026-08-06 21:10:48,018 [INFO] PluginManager:220 - loadIPPluginJar : add gpio
2026-08-06 21:10:48,023 [INFO] IPUIPlugin:80 - create IPUIPlugin
2026-08-06 21:10:48,023 [INFO] PluginManager:220 - loadIPPluginJar : add gtzc
2026-08-06 21:10:48,028 [INFO] IPUIPlugin:80 - create IPUIPlugin
2026-08-06 21:10:48,028 [INFO] PluginManager:220 - loadIPPluginJar : add hash
2026-08-06 21:10:48,034 [INFO] IPUIPlugin:80 - create IPUIPlugin
2026-08-06 21:10:48,034 [INFO] PluginManager:220 - loadIPPluginJar : add i2c
2026-08-06 21:10:48,038 [INFO] IPUIPlugin:80 - create IPUIPlugin
2026-08-06 21:10:48,038 [INFO] PluginManager:220 - loadIPPluginJar : add i2s
2026-08-06 21:10:48,043 [INFO] IPUIPlugin:80 - create IPUIPlugin
2026-08-06 21:10:48,043 [INFO] PluginManager:220 - loadIPPluginJar : add i3c
2026-08-06 21:10:48,048 [INFO] IPUIPlugin:80 - create IPUIPlugin
2026-08-06 21:10:48,048 [INFO] PluginManager:220 - loadIPPluginJar : add ipddr
2026-08-06 21:10:48,058 [INFO] IPUIPlugin:80 - create IPUIPlugin
2026-08-06 21:10:48,059 [INFO] PluginManager:220 - loadIPPluginJar : add linkedlist
2026-08-06 21:10:48,063 [INFO] IPUIPlugin:80 - create IPUIPlugin
2026-08-06 21:10:48,063 [INFO] PluginManager:220 - loadIPPluginJar : add lorawan
2026-08-06 21:10:48,065 [INFO] IPUIPlugin:80 - create IPUIPlugin
2026-08-06 21:10:48,066 [INFO] PluginManager:220 - loadIPPluginJar : add ltdc
2026-08-06 21:10:48,075 [INFO] IPUIPlugin:80 - create IPUIPlugin
2026-08-06 21:10:48,076 [INFO] PluginManager:220 - loadIPPluginJar : add mdma
2026-08-06 21:10:48,080 [INFO] IPUIPlugin:80 - create IPUIPlugin
2026-08-06 21:10:48,081 [INFO] PluginManager:220 - loadIPPluginJar : add nvic
2026-08-06 21:10:48,086 [INFO] IPUIPlugin:80 - create IPUIPlugin
2026-08-06 21:10:48,086 [INFO] PluginManager:220 - loadIPPluginJar : add opamp
2026-08-06 21:10:48,090 [INFO] IPUIPlugin:80 - create IPUIPlugin
2026-08-06 21:10:48,090 [INFO] PluginManager:220 - loadIPPluginJar : add openamp
2026-08-06 21:10:48,095 [INFO] IPUIPlugin:80 - create IPUIPlugin
2026-08-06 21:10:48,095 [INFO] PluginManager:220 - loadIPPluginJar : add pdm2pcm
2026-08-06 21:10:48,104 [INFO] IPUIPlugin:80 - create IPUIPlugin
2026-08-06 21:10:48,108 [INFO] PluginManager:220 - loadIPPluginJar : add plateformsettings
2026-08-06 21:10:48,110 [INFO] IPUIPlugin:80 - create IPUIPlugin
2026-08-06 21:10:48,111 [INFO] PluginManager:220 - loadIPPluginJar : add quadspi
2026-08-06 21:10:48,113 [INFO] IPUIPlugin:80 - create IPUIPlugin
2026-08-06 21:10:48,115 [INFO] PluginManager:220 - loadIPPluginJar : add radio
2026-08-06 21:10:48,122 [INFO] IPUIPlugin:80 - create IPUIPlugin
2026-08-06 21:10:48,122 [INFO] PluginManager:220 - loadIPPluginJar : add resmgrutility
2026-08-06 21:10:48,127 [INFO] IPUIPlugin:80 - create IPUIPlugin
2026-08-06 21:10:48,128 [INFO] PluginManager:220 - loadIPPluginJar : add sai
2026-08-06 21:10:48,131 [INFO] IPUIPlugin:80 - create IPUIPlugin
2026-08-06 21:10:48,131 [INFO] PluginManager:220 - loadIPPluginJar : add spi
2026-08-06 21:10:48,140 [INFO] IPUIPlugin:80 - create IPUIPlugin
2026-08-06 21:10:48,140 [INFO] PluginManager:220 - loadIPPluginJar : add stm32_wpan
2026-08-06 21:10:48,143 [INFO] IPUIPlugin:80 - create IPUIPlugin
2026-08-06 21:10:48,143 [INFO] PluginManager:220 - loadIPPluginJar : add tim
2026-08-06 21:10:48,148 [INFO] IPUIPlugin:80 - create IPUIPlugin
2026-08-06 21:10:48,148 [INFO] PluginManager:220 - loadIPPluginJar : add touchsensing
2026-08-06 21:10:48,153 [INFO] IPUIPlugin:80 - create IPUIPlugin
2026-08-06 21:10:48,154 [INFO] PluginManager:220 - loadIPPluginJar : add tracer_emb
2026-08-06 21:10:48,157 [INFO] IPUIPlugin:80 - create IPUIPlugin
2026-08-06 21:10:48,157 [INFO] PluginManager:220 - loadIPPluginJar : add ts
2026-08-06 21:10:48,160 [INFO] IPUIPlugin:80 - create IPUIPlugin
2026-08-06 21:10:48,160 [INFO] PluginManager:220 - loadIPPluginJar : add tsc
2026-08-06 21:10:48,163 [INFO] IPUIPlugin:80 - create IPUIPlugin
2026-08-06 21:10:48,163 [INFO] PluginManager:220 - loadIPPluginJar : add ucpd
2026-08-06 21:10:48,167 [INFO] IPUIPlugin:80 - create IPUIPlugin
2026-08-06 21:10:48,167 [INFO] PluginManager:220 - loadIPPluginJar : add usart
2026-08-06 21:10:48,173 [INFO] IPUIPlugin:80 - create IPUIPlugin
2026-08-06 21:10:48,174 [INFO] PluginManager:220 - loadIPPluginJar : add usbx
2026-08-06 21:10:48,353 [FATAL] Updater:351 - Updater called before beeing initialized
2026-08-06 21:10:48,408 [INFO] RulesReader:64 - Compatibility file has been processed (317 Rules)
2026-08-06 21:10:48,441 [INFO] RulesReader:64 - Compatibility file has been processed (317 Rules)
2026-08-06 21:10:48,459 [INFO] CADModel:165 - CPN selected for project level
2026-08-06 21:10:48,459 [INFO] CADModel:114 - Register for checkConnection events
2026-08-06 21:10:48,459 [FATAL] Updater:351 - Updater called before beeing initialized
2026-08-06 21:10:48,459 [ERROR] CADModel:125 - Updater not yet initialized, retry later 
2026-08-06 21:10:48,721 [FATAL] Updater:351 - Updater called before beeing initialized
2026-08-06 21:10:48,725 [INFO] CADModel:165 - CPN selected for project level
2026-08-06 21:10:48,725 [INFO] CADModel:114 - Register for checkConnection events
2026-08-06 21:10:48,726 [FATAL] Updater:351 - Updater called before beeing initialized
2026-08-06 21:10:48,726 [ERROR] CADModel:125 - Updater not yet initialized, retry later 
2026-08-06 21:10:48,731 [FATAL] Updater:351 - Updater called before beeing initialized
2026-08-06 21:10:48,929 [FATAL] Updater:351 - Updater called before beeing initialized
2026-08-06 21:10:48,938 [INFO] DbMcusAds:53 - JSON generation date=Wed Jul 15 15:14:54 IST 2026 (1784108694001)
2026-08-06 21:10:48,939 [FATAL] Updater:351 - Updater called before beeing initialized
2026-08-06 21:10:49,008 [WARN] DetailPanel:346 - Failed to get advertising image, set to default
2026-08-06 21:10:49,140 [FATAL] Updater:351 - Updater called before beeing initialized
2026-08-06 21:10:49,142 [FATAL] Updater:351 - Updater called before beeing initialized
2026-08-06 21:10:49,142 [FATAL] Updater:351 - Updater called before beeing initialized
2026-08-06 21:10:49,142 [WARN] DetailPanel:346 - Failed to get advertising image, set to default
2026-08-06 21:10:49,145 [FATAL] Updater:351 - Updater called before beeing initialized
2026-08-06 21:10:49,224 [ERROR] Updater:1198 - MainUpdater not yet initialized. External WinMGr cannot be set.
2026-08-06 21:10:49,227 [INFO] Updater:1134 - Updater Version found : 6.15.0
2026-08-06 21:10:49,248 [INFO] ApplicationProperties:184 - Using Application install path: C:\ST\STM32CubeIDE_1.19.0\STM32CubeIDE\plugins\com.st.stm32cube.common.mx_6.15.0.202507011659
2026-08-06 21:10:49,950 [INFO] ThirdPartyUpdaterWithRetryManager:70 - Updater plugin not ready yet. [2/15]
2026-08-06 21:10:50,828 [ERROR] LogOutputStream:75 - [STDERR_REDIRECT] Aug 06, 2026 9:10:50 PM java.util.prefs.WindowsPreferences <init>
2026-08-06 21:10:50,830 [ERROR] LogOutputStream:75 - [STDERR_REDIRECT] WARNING: Could not open/create prefs root node Software\JavaSoft\Prefs at root 0xffffffff80000002. Windows RegCreateKeyEx(...) returned error code 5.
2026-08-06 21:10:50,831 [ERROR] LogOutputStream:75 - [STDERR_REDIRECT] 
2026-08-06 21:10:51,500 [INFO] MainUpdater:2872 - connection check result : 10
2026-08-06 21:10:51,502 [INFO] MainUpdater:289 - Updater Check For Update Now.
2026-08-06 21:10:51,502 [INFO] MicroXplorer:498 - Change Database Version : DB.6.0.150
2026-08-06 21:10:51,521 [INFO] McuFinderGlobals:63 - Set McuFinder mode to 2 (CubeIDE integrated)
2026-08-06 21:10:51,521 [INFO] UserAuth:171 - activating auth plugin
2026-08-06 21:10:51,526 [INFO] UserAuth:487 - Internet connection configuration mode: 1
2026-08-06 21:10:51,589 [INFO] JxBrowserEngine:152 - Initiate JxBrowser Engine with user profile folder
2026-08-06 21:10:51,827 [INFO] CheckServerUpdateThread:120 - End of CheckServer Thread
2026-08-06 21:10:51,931 [INFO] MainUpdater:2872 - connection check result : 10
2026-08-06 21:10:51,936 [INFO] McuFinderGlobals:76 - Set McuFinderConnectedMode to true
2026-08-06 21:10:52,326 [INFO] ServerAccessManage:452 - Complete download http(s) 200
2026-08-06 21:10:52,328 [INFO] ServerAccessManage:509 - Download File mcusAds.json._tmp_
2026-08-06 21:10:52,443 [INFO] LoadUrlFilesThread:156 - End of LoadUrlFiles Thread
2026-08-06 21:10:52,812 [INFO] ServerAccessManage:452 - Complete download http(s) 200
2026-08-06 21:10:52,813 [INFO] ServerAccessManage:509 - Download File cube-finder-db.zip
2026-08-06 21:10:52,953 [WARN] MainUpdater:1193 - Updater busy. Cannot search thirdparties
2026-08-06 21:10:52,953 [INFO] ThirdPartyUpdaterWithRetryManager:96 - Updater plugin is busy. [1/15]
2026-08-06 21:10:53,888 [INFO] WebApp:169 - Instantiating new browser for Auth
2026-08-06 21:10:55,930 [INFO] WebApp:463 - Apply proxy settings
2026-08-06 21:10:55,930 [INFO] WebApp:548 - Chromium requires no authentication
2026-08-06 21:10:55,954 [WARN] MainUpdater:1193 - Updater busy. Cannot search thirdparties
2026-08-06 21:10:55,954 [INFO] ThirdPartyUpdaterWithRetryManager:96 - Updater plugin is busy. [2/15]
2026-08-06 21:10:56,021 [INFO] WebApp:491 - Direct internet connection detected
2026-08-06 21:10:56,156 [INFO] WebApp:900 - Register for checkConnection events
2026-08-06 21:10:56,157 [INFO] WebApp:463 - Apply proxy settings
2026-08-06 21:10:56,157 [INFO] WebApp:548 - Chromium requires no authentication
2026-08-06 21:10:56,159 [INFO] WebApp:491 - Direct internet connection detected
2026-08-06 21:10:56,839 [INFO] WebApp:191 - Connection restablished
2026-08-06 21:10:56,997 [INFO] WebApp:225 - Starting web application
2026-08-06 21:10:56,999 [INFO] WebApp:593 - Web application path used C:\ST\STM32CubeIDE_1.19.0\STM32CubeIDE\plugins\com.st.stm32cube.common.mx_6.15.0.202507011659\db\plugins\mcufinder\reactClient1\index.html
2026-08-06 21:10:58,955 [WARN] MainUpdater:1193 - Updater busy. Cannot search thirdparties
2026-08-06 21:10:58,955 [INFO] ThirdPartyUpdaterWithRetryManager:96 - Updater plugin is busy. [3/15]
2026-08-06 21:11:01,957 [WARN] MainUpdater:1193 - Updater busy. Cannot search thirdparties
2026-08-06 21:11:01,957 [INFO] ThirdPartyUpdaterWithRetryManager:96 - Updater plugin is busy. [4/15]
2026-08-06 21:11:04,958 [WARN] MainUpdater:1193 - Updater busy. Cannot search thirdparties
2026-08-06 21:11:04,958 [INFO] ThirdPartyUpdaterWithRetryManager:96 - Updater plugin is busy. [5/15]
2026-08-06 21:11:07,960 [WARN] MainUpdater:1193 - Updater busy. Cannot search thirdparties
2026-08-06 21:11:07,960 [INFO] ThirdPartyUpdaterWithRetryManager:96 - Updater plugin is busy. [6/15]
2026-08-06 21:11:10,960 [WARN] MainUpdater:1193 - Updater busy. Cannot search thirdparties
2026-08-06 21:11:10,960 [INFO] ThirdPartyUpdaterWithRetryManager:96 - Updater plugin is busy. [7/15]
2026-08-06 21:11:13,962 [WARN] MainUpdater:1193 - Updater busy. Cannot search thirdparties
2026-08-06 21:11:13,962 [INFO] ThirdPartyUpdaterWithRetryManager:96 - Updater plugin is busy. [8/15]
2026-08-06 21:11:16,965 [WARN] MainUpdater:1193 - Updater busy. Cannot search thirdparties
2026-08-06 21:11:16,965 [INFO] ThirdPartyUpdaterWithRetryManager:96 - Updater plugin is busy. [9/15]
2026-08-06 21:11:19,968 [WARN] MainUpdater:1193 - Updater busy. Cannot search thirdparties
2026-08-06 21:11:19,968 [INFO] ThirdPartyUpdaterWithRetryManager:96 - Updater plugin is busy. [10/15]
2026-08-06 21:11:22,971 [WARN] MainUpdater:1193 - Updater busy. Cannot search thirdparties
2026-08-06 21:11:22,971 [INFO] ThirdPartyUpdaterWithRetryManager:96 - Updater plugin is busy. [11/15]
2026-08-06 21:11:25,972 [WARN] MainUpdater:1193 - Updater busy. Cannot search thirdparties
2026-08-06 21:11:25,972 [INFO] ThirdPartyUpdaterWithRetryManager:96 - Updater plugin is busy. [12/15]
2026-08-06 21:11:28,973 [WARN] MainUpdater:1193 - Updater busy. Cannot search thirdparties
2026-08-06 21:11:28,973 [INFO] ThirdPartyUpdaterWithRetryManager:96 - Updater plugin is busy. [13/15]
2026-08-06 21:11:29,909 [INFO] FileExtend:248 - Unzip File : cube-finder-db.zip
2026-08-06 21:11:29,910 [INFO] FileExtend:263 - Standard Zip Deflate
2026-08-06 21:11:31,806 [INFO] LoadUrlFilesThread:156 - End of LoadUrlFiles Thread
2026-08-06 21:11:31,975 [WARN] MainUpdater:1193 - Updater busy. Cannot search thirdparties
2026-08-06 21:11:31,975 [INFO] ThirdPartyUpdaterWithRetryManager:96 - Updater plugin is busy. [14/15]
2026-08-06 21:11:34,976 [WARN] MainUpdater:1193 - Updater busy. Cannot search thirdparties
2026-08-06 21:11:34,977 [INFO] ThirdPartyUpdaterWithRetryManager:96 - Updater plugin is busy. [15/15]
2026-08-06 21:11:34,977 [ERROR] IntegrityCheckThread:130 - Cannot retrieve database content from updater: error -1
2026-08-06 21:11:34,978 [INFO] ThirdParty:978 - Integrity check success = false
2026-08-06 21:11:34,978 [INFO] IntegrityCheckThread:100 - exiting critical section [integrity check]
2026-08-06 21:11:34,979 [INFO] IntegrityCheckThread:103 - End integrity checks thread
2026-08-06 21:11:53,067 [ERROR] ServerAccessManage:1295 - Problem during Server Connection :  IO error Connection timed out: getsockopt
2026-08-06 21:11:53,068 [ERROR] ServerAccessManage:740 - Problem during Server Connection :  : crdb.zip.
2026-08-06 21:12:09,212 [INFO] LoadUrlFilesThread:156 - End of LoadUrlFiles Thread
2026-08-06 21:12:12,231 [INFO] DbMcusAds:53 - JSON generation date=Wed Jul 15 15:14:54 IST 2026 (1784108694001)
2026-08-06 21:12:12,248 [ERROR] TargetSelectorAdapter:267 - Unable to refresh data
2026-08-06 21:12:13,168 [INFO] ApiDb:581 - Connected to CubeFinder SQLite database (C:\Users\user\.stmcufinder\plugins\mcufinder\mcu\cube-finder-db.db)
2026-08-06 21:12:13,497 [INFO] ApiDb:668 - CubeFinder database Data Model version=2.1
2026-08-06 21:12:13,497 [INFO] ApiDb:669 - CubeFinder database Configuration version=3.0.42
2026-08-06 21:12:13,497 [INFO] ApiDb:670 - CubeFinder database generation date=2026-06-23 (1782213372)
2026-08-06 21:12:13,499 [INFO] ApiDb:671 - CubeFinder database FW Pack versions=[FP-ATR-ASTRA1_V2.0.0, FP-SNS-FLIGHT1_V5.1.0, FP-SNS-MOTENV1_V5.1.0, FP-SNS-MOTENVWB1_V1.5.0, FP-SNS-SMARTAG2_V1.2.0, FP-SNS-STBOX1_V2.1.0, STM32Cube_FW_C0_V1.4.0, STM32Cube_FW_F4_V1.28.3, STM32Cube_FW_F7_V1.17.4, STM32Cube_FW_G0_V1.6.3, STM32Cube_FW_G4_V1.6.2, STM32Cube_FW_H5_V1.7.0, STM32Cube_FW_H7RS_V1.3.0, STM32Cube_FW_H7_V1.13.0, STM32Cube_FW_L0_V1.12.2, STM32Cube_FW_L4_V1.18.2, STM32Cube_FW_L5_V1.6.0, STM32Cube_FW_N6_V1.4.0, STM32Cube_FW_U0_V1.3.0, STM32Cube_FW_U3_V1.4.0, STM32Cube_FW_U5_V1.9.0, STM32Cube_FW_WB0_V1.5.0, STM32Cube_FW_WBA_V1.10.0, STM32Cube_FW_WB_V1.24.0, STM32Cube_FW_WL3_V1.5.0, STM32Cube_FW_WL_V1.6.0, X-CUBE-ALGOBUILD_V1.5.0, X-CUBE-ALS_V1.0.2, X-CUBE-AZRTOS-F4_V1.1.0, X-CUBE-AZRTOS-F7_V1.1.0, X-CUBE-AZRTOS-G0_V1.1.0, X-CUBE-AZRTOS-G4_V2.0.0, X-CUBE-AZRTOS-H7RS_V1.1.0, X-CUBE-AZRTOS-H7_V3.5.0, X-CUBE-AZRTOS-L4_V2.0.0, X-CUBE-AZRTOS-L5_V2.0.0, X-CUBE-AZRTOS-WB_V2.0.0, X-CUBE-AZRTOS-WL_V2.0.0, X-CUBE-BLE1_V7.1.0, X-CUBE-BLE2_V3.3.0, X-CUBE-BLEMGR_V4.1.0, X-CUBE-EEPRMA1_V5.2.0, X-CUBE-FREERTOS_V1.5.0, X-CUBE-GNSS1_V7.1.1, X-CUBE-MEMS1_V12.1.0, X-CUBE-NFC4_V3.0.0, X-CUBE-NFC7_V2.0.0, X-CUBE-SFXS2LP1_V4.0.0, X-CUBE-ST67W61_V1.3.0, X-CUBE-SUBG2_V5.0.0, X-CUBE-TOF1_V3.4.3]
2026-08-06 21:12:23,366 [INFO] ApiDb:240 - Found 880 in-development CPN: [B-G473E-ZEST1S, B-WB1M-WPAN1, B-WBA5M-WPAN, B-WL5M-SUBG1, NUCLEO-C031C6, NUCLEO-C051C8, NUCLEO-C071RB, NUCLEO-C092RC, NUCLEO-H503RB, NUCLEO-H533RE, NUCLEO-H563ZI, NUCLEO-H7S3L8, NUCLEO-N657X0-Q, NUCLEO-U031R8, NUCLEO-U083RC, NUCLEO-U385RG-Q, NUCLEO-U545RE-Q, NUCLEO-U5A5ZJ-Q, NUCLEO-WB05KZ, NUCLEO-WB07CC, NUCLEO-WB09KE, NUCLEO-WBA52CG, NUCLEO-WBA55CG, NUCLEO-WL33CC1, NUCLEO-WL33CC2, STEVAL-PROTEUS1, STEVAL-SMARTAG2, STEVAL-STWINBX1, STM320518-EVAL, STM32C0116-DK, STM32C011D6Y3TR, STM32C011D6Y6TR, STM32C011F4P3, STM32C011F4P6, STM32C011F4U3, STM32C011F4U6TR, STM32C011F6P3, STM32C011F6P6, STM32C011F6U3, STM32C011F6U6TR, STM32C011J4M3, STM32C011J4M6, STM32C011J6M3, STM32C011J6M6, STM32C0316-DK, STM32C031C4T3, STM32C031C4T6, STM32C031C4U3, STM32C031C4U6, STM32C031C6T3, STM32C031C6T6, STM32C031C6U3, STM32C031C6U6, STM32C031F4P3, STM32C031F4P6, STM32C031F6P3, STM32C031F6P6, STM32C031G4U3, STM32C031G4U6, STM32C031G6U3, STM32C031G6U6, STM32C031K4T3, STM32C031K4T6, STM32C031K4U3, STM32C031K4U6, STM32C031K6T3, STM32C031K6T6, STM32C031K6U3, STM32C031K6U6, STM32C051C6T6, STM32C051C6U6, STM32C051C8T6, STM32C051C8U6, STM32C051D8Y6TR, STM32C051F6P6, STM32C051F8P6, STM32C051G6U6, STM32C051G8U6, STM32C051K6T6, STM32C051K6U6, STM32C051K8T6, STM32C071C8T6, STM32C071C8T6N, STM32C071C8U6, STM32C071C8U6N, STM32C071CBT6, STM32C071CBT6N, STM32C071CBU6, STM32C071CBU6N, STM32C071F8P6, STM32C071F8P6N, STM32C071FBP6, STM32C071FBP6N, STM32C071FBY6TR, STM32C071G8U6, STM32C071G8U6N, STM32C071GBU6, STM32C071GBU6N, STM32C071K8T6, STM32C071K8T6N, STM32C071K8U6, STM32C071K8U6N, STM32C071KBT6, STM32C071KBT6N, STM32C071KBU6, STM32C071KBU6N, STM32C071R8T6, STM32C071R8T6N, STM32C071RBI6N, STM32C071RBT6, STM32C071RBT6N, STM32C091CBT6, STM32C091CBU6, STM32C091CCT6, STM32C091CCU6, STM32C091ECY6TR, STM32C091FBP6, STM32C091FCP6, STM32C091GBU6, STM32C091GCU6, STM32C091KBT6, STM32C091KBU6, STM32C091KCT6, STM32C091KCU6, STM32C091RBT6, STM32C091RCI6, STM32C091RCT6, STM32C092CBT6, STM32C092CBU6, STM32C092CCT6, STM32C092CCU6, STM32C092ECY6TR, STM32C092FBP6, STM32C092FCP6, STM32C092GBU6, STM32C092GCU6, STM32C092KBT6, STM32C092KBU6, STM32C092KCT6, STM32C092KCU6, STM32C092RBT6, STM32C092RCI6, STM32C092RCT6, STM32G071K8TXN, STM32G071K8UXN, STM32G081GBU6N, STM32G081KBT6N, STM32G081KBUXN, STM32G0B1CCT6N, STM32G0B1KCT6, STM32G0B1NEY6TR, STM32G0B1RCT6N, STM32G0C1CCT6, STM32G0C1CCT6N, STM32G0C1CCU6N, STM32G0C1CET6N, STM32G0C1CEU6N, STM32G0C1KCT6, STM32G0C1NEY6TR, STM32G0C1RCI6N, STM32G0C1RCT6N, STM32G0C1REI6N, STM32G0C1RET6N, STM32G0C1VCI6, STM32G0C1VEI6, STM32G411C6T3, STM32G411C6T6, STM32G411C6U3, STM32G411C6U6, STM32G411C8T3, STM32G411C8T6, STM32G411C8U3, STM32G411C8U6, STM32G411CBT3, STM32G411CBT6, STM32G411CBU3, STM32G411CBU6, STM32G411K6T3, STM32G411K6T6, STM32G411K6U3, STM32G411K6U6, STM32G411K8T3, STM32G411K8T6, STM32G411K8U3, STM32G411K8U6, STM32G411KBT3, STM32G411KBT6, STM32G411KBU3, STM32G411KBU6, STM32G411M6T3, STM32G411M6T6, STM32G411M8T3, STM32G411M8T6, STM32G411MBT3, STM32G411MBT6, STM32G411R6T3, STM32G411R6T6, STM32G411R8T3, STM32G411R8T6, STM32G411RBT3, STM32G411RBT6, STM32G414CBT3, STM32G414CBT6, STM32G414CBU3, STM32G414CBU6, STM32G414CCT3, STM32G414CCT6, STM32G414CCU3, STM32G414CCU6, STM32G414MBT3, STM32G414MBT6, STM32G414MCT3, STM32G414MCT6, STM32G414RBT3, STM32G414RBT6, STM32G414RCT3, STM32G414RCT6, STM32G414VBT3, STM32G414VBT6, STM32G414VCT3, STM32G414VCT6, STM32G431CBT3Z, STM32G431RBT3Z, STM32G471CCT6, STM32G471CCU6, STM32G471CET3, STM32G471CET6, STM32G471CEU3, STM32G471CEU6, STM32G471MCT6, STM32G471MET3, STM32G471MET6, STM32G471MEY6TR, STM32G471QCT6, STM32G471QET3, STM32G471RCT6, STM32G471RET3, STM32G471RET6, STM32G471VCH6, STM32G471VCI6, STM32G471VCT6, STM32G471VEH3, STM32G471VEH6, STM32G471VEI3, STM32G471VEI6, STM32G471VET3, STM32G471VET6, STM32G473QET3Z, STM32G473RET3Z, STM32G474CCT6, STM32G491RET3Z, STM32H503CBT6, STM32H503CBU6, STM32H503EBY6TR, STM32H503KBU6, STM32H503RBT6, STM32H523CCT6, STM32H523CCU6, STM32H523CET6, STM32H523CEU6, STM32H523HEY6TR, STM32H523RCT6, STM32H523RET6, STM32H523VCI6, STM32H523VCT6, STM32H523VEI6, STM32H523VET6, STM32H523ZCJ6, STM32H523ZCT6, STM32H523ZEJ6, STM32H523ZET6, STM32H533CET6, STM32H533CEU6, STM32H533HEY6TR, STM32H533RET6, STM32H533VEI6, STM32H533VET6, STM32H533ZEJ6, STM32H533ZET6, STM32H562AGI6, STM32H562AII6, STM32H562IGK6, STM32H562IGT6, STM32H562IIK6, STM32H562IIT6, STM32H562RGT6, STM32H562RGV6, STM32H562RIT6, STM32H562RIV6, STM32H562VGT6, STM32H562VIT6, STM32H562ZGT6, STM32H562ZIT6, STM32H563AGI6, STM32H563AII3Q, STM32H563AII6, STM32H563IGK6, STM32H563IGT6, STM32H563IIK3Q, STM32H563IIK6, STM32H563IIT3Q, STM32H563IIT6, STM32H563MIY3QTR, STM32H563RGT6, STM32H563RGV6, STM32H563RIT6, STM32H563RIV6, STM32H563VGT6, STM32H563VIT3Q, STM32H563VIT6, STM32H563ZGT6, STM32H563ZIT3Q, STM32H563ZIT6, STM32H573AII3Q, STM32H573AII6, STM32H573I-DK, STM32H573IIK3Q, STM32H573IIK6, STM32H573IIT3Q, STM32H573IIT6, STM32H573MIY3QTR, STM32H573RIT6, STM32H573RIV6, STM32H573VIT3Q, STM32H573VIT6, STM32H573ZIT3Q, STM32H573ZIT6, STM32H7R3A8I6, STM32H7R3I8K6, STM32H7R3I8T6, STM32H7R3L8H6, STM32H7R3L8H6H, STM32H7R3R8V6, STM32H7R3V8H6, STM32H7R3V8T6, STM32H7R3V8Y6TR, STM32H7R3Z8J6, STM32H7R3Z8T6, STM32H7R7A8I6, STM32H7R7I8K6, STM32H7R7I8T6, STM32H7R7L8H6, STM32H7R7L8H6H, STM32H7R7Z8J6, STM32H7S3A8I6, STM32H7S3I8K6, STM32H7S3I8T6, STM32H7S3L8H6, STM32H7S3L8H6H, STM32H7S3R8V6, STM32H7S3V8H6, STM32H7S3V8T6, STM32H7S3V8Y6TR, STM32H7S3Z8J6, STM32H7S3Z8T6, STM32H7S78-DK, STM32H7S7A8I6, STM32H7S7I8K6, STM32H7S7I8T6, STM32H7S7L8H6, STM32H7S7L8H6H, STM32H7S7Z8J6, STM32L4R5QGI6STR, STM32MP131AAE3, STM32MP131AAF3, STM32MP131AAG3, STM32MP131CAE3, STM32MP131CAF3, STM32MP131CAG3, STM32MP131DAE7, STM32MP131DAF7, STM32MP131DAG7, STM32MP131FAE7, STM32MP131FAF7, STM32MP131FAG7, STM32MP133AAE3, STM32MP133AAF3, STM32MP133AAG3, STM32MP133CAE3, STM32MP133CAF3, STM32MP133CAG3, STM32MP133DAE7, STM32MP133DAF7, STM32MP133DAG7, STM32MP133FAE7, STM32MP133FAF7, STM32MP133FAG7, STM32MP135AAE3, STM32MP135AAF3, STM32MP135AAG3, STM32MP135CAE3, STM32MP135CAF3, STM32MP135CAG3, STM32MP135DAE7, STM32MP135DAF7, STM32MP135DAG7, STM32MP135F-DK, STM32MP135FAE7, STM32MP135FAF7, STM32MP135FAF7T, STM32MP135FAF7U, STM32MP135FAG7, STM32MP211AAL3, STM32MP211AAM3, STM32MP211AAN3, STM32MP211AAO3, STM32MP211CAL3, STM32MP211CAM3, STM32MP211CAN3, STM32MP211CAO3, STM32MP211DAL3, STM32MP211DAM3, STM32MP211DAN3, STM32MP211DAO3, STM32MP211FAL3, STM32MP211FAM3, STM32MP211FAN3, STM32MP211FAO3, STM32MP213AAL3, STM32MP213AAM3, STM32MP213AAN3, STM32MP213AAO3, STM32MP213CAL3, STM32MP213CAM3, STM32MP213CAN3, STM32MP213CAO3, STM32MP213DAL3, STM32MP213DAM3, STM32MP213DAN3, STM32MP213DAO3, STM32MP213FAL3, STM32MP213FAM3, STM32MP213FAN3, STM32MP213FAO3, STM32MP215AAL3, STM32MP215AAM3, STM32MP215AAN3, STM32MP215AAO3, STM32MP215CAL3, STM32MP215CAM3, STM32MP215CAN3, STM32MP215CAO3, STM32MP215DAL3, STM32MP215DAM3, STM32MP215DAN3, STM32MP215DAO3, STM32MP215F-DK, STM32MP215FAL3, STM32MP215FAM3, STM32MP215FAN3, STM32MP215FAO3, STM32MP231AAJ3, STM32MP231AAK3, STM32MP231AAL3, STM32MP231CAJ3, STM32MP231CAK3, STM32MP231CAL3, STM32MP231DAJ3, STM32MP231DAK3, STM32MP231DAL3, STM32MP231FAJ3, STM32MP231FAK3, STM32MP231FAL3, STM32MP233AAJ3, STM32MP233AAK3, STM32MP233AAL3, STM32MP233CAJ3, STM32MP233CAK3, STM32MP233CAL3, STM32MP233DAJ3, STM32MP233DAK3, STM32MP233DAL3, STM32MP233FAJ3, STM32MP233FAK3, STM32MP233FAL3, STM32MP235AAJ3, STM32MP235AAK3, STM32MP235AAL3, STM32MP235CAJ3, STM32MP235CAK3, STM32MP235CAL3, STM32MP235DAJ3, STM32MP235DAK3, STM32MP235DAL3, STM32MP235FAJ3, STM32MP235FAK3, STM32MP235FAL3, STM32MP251AAI3, STM32MP251AAK3, STM32MP251AAL3, STM32MP251CAI3, STM32MP251CAK3, STM32MP251CAL3, STM32MP251DAI3, STM32MP251DAK3, STM32MP251DAL3, STM32MP251FAI3, STM32MP251FAK3, STM32MP251FAL3, STM32MP253AAI3, STM32MP253AAK3, STM32MP253AAL3, STM32MP253CAI3, STM32MP253CAK3, STM32MP253CAL3, STM32MP253DAI3, STM32MP253DAK3, STM32MP253DAL3, STM32MP253FAI3, STM32MP253FAK3, STM32MP253FAL3, STM32MP255AAI3, STM32MP255AAK3, STM32MP255AAL3, STM32MP255CAI3, STM32MP255CAK3, STM32MP255CAL3, STM32MP255DAI3, STM32MP255DAK3, STM32MP255DAL3, STM32MP255FAI3, STM32MP255FAK3, STM32MP255FAL3, STM32MP257AAI3, STM32MP257AAK3, STM32MP257AAL3, STM32MP257CAI3, STM32MP257CAK3, STM32MP257CAL3, STM32MP257DAI3, STM32MP257DAK3, STM32MP257DAL3, STM32MP257F-DK, STM32MP257F-EV1, STM32MP257FAI3, STM32MP257FAK3, STM32MP257FAL3, STM32N645A0H3Q, STM32N645B0H3Q, STM32N645I0H3Q, STM32N645L0H3Q, STM32N645X0H3Q, STM32N645Z0H3Q, STM32N647A0H3Q, STM32N647B0H3Q, STM32N647I0H3Q, STM32N647L0H3Q, STM32N647X0H3Q, STM32N647Z0H3Q, STM32N655A0H3Q, STM32N655B0H3Q, STM32N655I0H3Q, STM32N655L0H3Q, STM32N655X0H3Q, STM32N655Z0H3Q, STM32N6570-DK, STM32N657A0H3Q, STM32N657B0H3Q, STM32N657I0H3Q, STM32N657L0H3Q, STM32N657X0H3Q, STM32N657Z0H3Q, STM32U031C6T6, STM32U031C6U6, STM32U031C8T6, STM32U031C8U6, STM32U031F4P6, STM32U031F6P6, STM32U031F8P6, STM32U031G6Y6TR, STM32U031G8Y6TR, STM32U031K4U6, STM32U031K6U6, STM32U031K8U6, STM32U031R6I6, STM32U031R6T6, STM32U031R8I6, STM32U031R8T6, STM32U073C8T6, STM32U073C8U6, STM32U073CBT6, STM32U073CBU6, STM32U073CCT6, STM32U073CCU6, STM32U073H8Y6TR, STM32U073HBY6TR, STM32U073HCY6TR, STM32U073K8U6, STM32U073KBU6, STM32U073KCU6, STM32U073M8I6, STM32U073M8T6, STM32U073MBI6, STM32U073MBT6, STM32U073MCI6, STM32U073MCT6, STM32U073R8I6, STM32U073R8T6, STM32U073RBI6, STM32U073RBT6, STM32U073RCI6, STM32U073RCT6, STM32U083C-DK, STM32U083CCT6, STM32U083CCU6, STM32U083HCY6TR, STM32U083KCU6, STM32U083MCI6, STM32U083MCT6, STM32U083RCI6, STM32U083RCT6, STM32U375CET6, STM32U375CET6Q, STM32U375CEU6, STM32U375CEU6Q, STM32U375CEY6QTR, STM32U375CGT6, STM32U375CGT6Q, STM32U375CGU6, STM32U375CGU6Q, STM32U375CGY6QTR, STM32U375KEU6, STM32U375KGU6, STM32U375REI6, STM32U375REI6Q, STM32U375RET6, STM32U375RET6Q, STM32U375REY6GTR, STM32U375REY6QTR, STM32U375RGI6, STM32U375RGI6Q, STM32U375RGT6, STM32U375RGT6Q, STM32U375RGY6GTR, STM32U375RGY6QTR, STM32U375VEI6, STM32U375VEI6Q, STM32U375VET6, STM32U375VET6Q, STM32U375VGI6, STM32U375VGI6Q, STM32U375VGT6, STM32U375VGT6Q, STM32U385CGT6, STM32U385CGT6Q, STM32U385CGU6, STM32U385CGU6Q, STM32U385CGY6QTR, STM32U385KGU6, STM32U385RGI6, STM32U385RGI6Q, STM32U385RGT6, STM32U385RGT6Q, STM32U385RGY6GTR, STM32U385RGY6QTR, STM32U385VGI6, STM32U385VGI6Q, STM32U385VGT6, STM32U385VGT6Q, STM32U535CBT6, STM32U535CBT6Q, STM32U535CBU6, STM32U535CBU6Q, STM32U535CCT6, STM32U535CCT6Q, STM32U535CCU6, STM32U535CCU6Q, STM32U535CET6, STM32U535CET6Q, STM32U535CEU6, STM32U535CEU6Q, STM32U535JEY6QTR, STM32U535NCY6QTR, STM32U535NEY6QTR, STM32U535RBI6, STM32U535RBI6Q, STM32U535RBT6, STM32U535RBT6Q, STM32U535RCI6, STM32U535RCI6Q, STM32U535RCT6, STM32U535RCT6Q, STM32U535REI6, STM32U535REI6Q, STM32U535RET6, STM32U535RET6Q, STM32U535VCI6, STM32U535VCI6Q, STM32U535VCT6, STM32U535VCT6Q, STM32U535VEI6, STM32U535VEI6Q, STM32U535VET6, STM32U535VET6Q, STM32U545CET6, STM32U545CET6Q, STM32U545CEU6, STM32U545CEU6Q, STM32U545JEY6QTR, STM32U545NEY6QTR, STM32U545REI6, STM32U545REI6Q, STM32U545RET6, STM32U545RET6Q, STM32U545VEI6, STM32U545VEI6Q, STM32U545VET6, STM32U545VET6Q, STM32U595AIH6, STM32U595AIH6Q, STM32U595AJH6, STM32U595AJH6Q, STM32U595QII6, STM32U595QII6Q, STM32U595QJI6, STM32U595QJI6Q, STM32U595RIT6, STM32U595RIT6Q, STM32U595RJT6, STM32U595RJT6Q, STM32U595VIT6, STM32U595VIT6Q, STM32U595VJT6, STM32U595VJT6Q, STM32U595ZIT6, STM32U595ZIT6Q, STM32U595ZIY6QTR, STM32U595ZJT6, STM32U595ZJT6Q, STM32U595ZJY6QTR, STM32U599BJY6QTR, STM32U599NIH6Q, STM32U599NJH6Q, STM32U599VIT6Q, STM32U599VJT6, STM32U599VJT6Q, STM32U599ZIT6Q, STM32U599ZIY6QTR, STM32U599ZJT6Q, STM32U599ZJY6QTR, STM32U5A5AJH6, STM32U5A5AJH6Q, STM32U5A5QII3Q , STM32U5A5QJI6, STM32U5A5QJI6Q, STM32U5A5RJT6, STM32U5A5RJT6Q, STM32U5A5VJT6, STM32U5A5VJT6Q, STM32U5A5ZJT6, STM32U5A5ZJT6Q, STM32U5A5ZJY6QTR, STM32U5A9BJY6QTR, STM32U5A9J-DK, STM32U5A9NJH6Q, STM32U5A9VJT6Q, STM32U5A9ZJT6Q, STM32U5A9ZJY6QTR, STM32U5F7VIT6, STM32U5F7VIT6Q, STM32U5F7VJT6, STM32U5F7VJT6Q, STM32U5F9BJY6QTR, STM32U5F9NJH6Q, STM32U5F9VIT6Q, STM32U5F9VJT6Q, STM32U5F9ZIJ6QTR, STM32U5F9ZIT6Q, STM32U5F9ZJJ6QTR, STM32U5F9ZJT6Q, STM32U5G7VJT6, STM32U5G7VJT6Q, STM32U5G9BJY6QTR, STM32U5G9J-DK1, STM32U5G9J-DK2, STM32U5G9NJH6Q, STM32U5G9VJT6Q, STM32U5G9ZJJ6QTR, STM32U5G9ZJT6Q, STM32WB05KZV6TR, STM32WB05KZV7TR, STM32WB05TZF6TR, STM32WB05TZF7TR, STM32WB06CCF6TR, STM32WB06CCF7TR, STM32WB06CCV6TR, STM32WB06CCV7TR, STM32WB06KCV6TR, STM32WB06KCV7TR, STM32WB07CCF6TR, STM32WB07CCF7TR, STM32WB07CCV6TR, STM32WB07CCV7TR, STM32WB07KCV6TR, STM32WB07KCV7TR, STM32WB09KEV6TR, STM32WB09KEV7TR, STM32WB09TEF6TR, STM32WB09TEF7TR, STM32WB1MMCH6, STM32WBA50KGU6, STM32WBA50KGU6TR, STM32WBA52CEU6, STM32WBA52CEU6TR, STM32WBA52CEU7, STM32WBA52CEU7TR, STM32WBA52CGU6, STM32WBA52CGU6TR, STM32WBA52CGU6U, STM32WBA52CGU7, STM32WBA52CGU7TR, STM32WBA52KEU6, STM32WBA52KEU6TR, STM32WBA52KGU6, STM32WBA52KGU6TR, STM32WBA54CEU6, STM32WBA54CEU6TR, STM32WBA54CEU7, STM32WBA54CEU7TR, STM32WBA54CGU6, STM32WBA54CGU6TR, STM32WBA54CGU7, STM32WBA54CGU7TR, STM32WBA54KEU6, STM32WBA54KEU6TR, STM32WBA54KEU7, STM32WBA54KEU7TR, STM32WBA54KGU6, STM32WBA54KGU6TR, STM32WBA54KGU7, STM32WBA54KGU7TR, STM32WBA55CEU6, STM32WBA55CEU6TR, STM32WBA55CEU7, STM32WBA55CEU7TR, STM32WBA55CGU6, STM32WBA55CGU6TR, STM32WBA55CGU6U, STM32WBA55CGU7, STM32WBA55CGU7TR, STM32WBA55G-DK1, STM32WBA55HEF6, STM32WBA55HEF7, STM32WBA55HGF6, STM32WBA55HGF7, STM32WBA55UEI6, STM32WBA55UEI6TR, STM32WBA55UEI7, STM32WBA55UEI7TR, STM32WBA55UGI6, STM32WBA55UGI6TR, STM32WBA55UGI7, STM32WBA55UGI7TR, STM32WBA5MMGH6TR, STM32WBA62MGF6, STM32WBA62MIF6, STM32WBA65MGF7, STM32WBA65MIF6, STM32WBA65MIF7, STM32WL30K8V6, STM32WL30KBV6, STM32WL31C8V6, STM32WL31CBV6, STM32WL31K8V6, STM32WL31KBV6, STM32WL33C8V6, STM32WL33C8V6X, STM32WL33CBV6, STM32WL33CBV6X, STM32WL33CCV6, STM32WL33CCV6A, STM32WL33CCV6X, STM32WL33K8V7, STM32WL33K8V7X, STM32WL33KBV7 , STM32WL33KBV7X, STM32WL33KCV7, STM32WL33KCV7X, STM32WL5MOCH6, STM32WL5MOCH6TR]
2026-08-06 21:12:23,387 [INFO] DbMcus:218 - Found 5250 MCUs, 5097 are supported
2026-08-06 21:12:23,389 [INFO] ApiDb:423 - Load user favorites file C:\Users\user/.stm32cubeide/favorites.mcus.txt: 0 item(s)
2026-08-06 21:12:23,390 [INFO] ApiDb:427 - User favorites MCUs=[]
2026-08-06 21:12:23,390 [INFO] DbMcus:224 - Set 0 / 0 favorites MCUs
2026-08-06 21:12:25,474 [INFO] ApiDb:668 - CubeFinder database Data Model version=2.1
2026-08-06 21:12:25,475 [INFO] ApiDb:669 - CubeFinder database Configuration version=3.0.42
2026-08-06 21:12:25,475 [INFO] ApiDb:670 - CubeFinder database generation date=2026-06-23 (1782213372)
2026-08-06 21:12:25,475 [INFO] ApiDb:671 - CubeFinder database FW Pack versions=[FP-ATR-ASTRA1_V2.0.0, FP-SNS-FLIGHT1_V5.1.0, FP-SNS-MOTENV1_V5.1.0, FP-SNS-MOTENVWB1_V1.5.0, FP-SNS-SMARTAG2_V1.2.0, FP-SNS-STBOX1_V2.1.0, STM32Cube_FW_C0_V1.4.0, STM32Cube_FW_F4_V1.28.3, STM32Cube_FW_F7_V1.17.4, STM32Cube_FW_G0_V1.6.3, STM32Cube_FW_G4_V1.6.2, STM32Cube_FW_H5_V1.7.0, STM32Cube_FW_H7RS_V1.3.0, STM32Cube_FW_H7_V1.13.0, STM32Cube_FW_L0_V1.12.2, STM32Cube_FW_L4_V1.18.2, STM32Cube_FW_L5_V1.6.0, STM32Cube_FW_N6_V1.4.0, STM32Cube_FW_U0_V1.3.0, STM32Cube_FW_U3_V1.4.0, STM32Cube_FW_U5_V1.9.0, STM32Cube_FW_WB0_V1.5.0, STM32Cube_FW_WBA_V1.10.0, STM32Cube_FW_WB_V1.24.0, STM32Cube_FW_WL3_V1.5.0, STM32Cube_FW_WL_V1.6.0, X-CUBE-ALGOBUILD_V1.5.0, X-CUBE-ALS_V1.0.2, X-CUBE-AZRTOS-F4_V1.1.0, X-CUBE-AZRTOS-F7_V1.1.0, X-CUBE-AZRTOS-G0_V1.1.0, X-CUBE-AZRTOS-G4_V2.0.0, X-CUBE-AZRTOS-H7RS_V1.1.0, X-CUBE-AZRTOS-H7_V3.5.0, X-CUBE-AZRTOS-L4_V2.0.0, X-CUBE-AZRTOS-L5_V2.0.0, X-CUBE-AZRTOS-WB_V2.0.0, X-CUBE-AZRTOS-WL_V2.0.0, X-CUBE-BLE1_V7.1.0, X-CUBE-BLE2_V3.3.0, X-CUBE-BLEMGR_V4.1.0, X-CUBE-EEPRMA1_V5.2.0, X-CUBE-FREERTOS_V1.5.0, X-CUBE-GNSS1_V7.1.1, X-CUBE-MEMS1_V12.1.0, X-CUBE-NFC4_V3.0.0, X-CUBE-NFC7_V2.0.0, X-CUBE-SFXS2LP1_V4.0.0, X-CUBE-ST67W61_V1.3.0, X-CUBE-SUBG2_V5.0.0, X-CUBE-TOF1_V3.4.3]
2026-08-06 21:12:25,642 [INFO] DbBoardsSqlite:226 - include board P-NUCLEO-WB55-NUCLEO as a kit item of type 'Nucleo-64'
2026-08-06 21:12:25,643 [INFO] DbBoardsSqlite:226 - include board P-NUCLEO-WB55-USBDONGLE as a kit item of type 'Nucleo USB Dongle'
2026-08-06 21:12:25,644 [INFO] DbBoardsSqlite:226 - include board STEVAL-IDP005V1 as a kit item of type 'Evaluation Board'
2026-08-06 21:12:25,644 [INFO] DbBoardsSqlite:226 - include board STEVAL-IDP005V2 as a kit item of type 'Evaluation Board'
2026-08-06 21:12:25,831 [INFO] ApiDb:240 - Found 880 in-development CPN: [B-G473E-ZEST1S, B-WB1M-WPAN1, B-WBA5M-WPAN, B-WL5M-SUBG1, NUCLEO-C031C6, NUCLEO-C051C8, NUCLEO-C071RB, NUCLEO-C092RC, NUCLEO-H503RB, NUCLEO-H533RE, NUCLEO-H563ZI, NUCLEO-H7S3L8, NUCLEO-N657X0-Q, NUCLEO-U031R8, NUCLEO-U083RC, NUCLEO-U385RG-Q, NUCLEO-U545RE-Q, NUCLEO-U5A5ZJ-Q, NUCLEO-WB05KZ, NUCLEO-WB07CC, NUCLEO-WB09KE, NUCLEO-WBA52CG, NUCLEO-WBA55CG, NUCLEO-WL33CC1, NUCLEO-WL33CC2, STEVAL-PROTEUS1, STEVAL-SMARTAG2, STEVAL-STWINBX1, STM320518-EVAL, STM32C0116-DK, STM32C011D6Y3TR, STM32C011D6Y6TR, STM32C011F4P3, STM32C011F4P6, STM32C011F4U3, STM32C011F4U6TR, STM32C011F6P3, STM32C011F6P6, STM32C011F6U3, STM32C011F6U6TR, STM32C011J4M3, STM32C011J4M6, STM32C011J6M3, STM32C011J6M6, STM32C0316-DK, STM32C031C4T3, STM32C031C4T6, STM32C031C4U3, STM32C031C4U6, STM32C031C6T3, STM32C031C6T6, STM32C031C6U3, STM32C031C6U6, STM32C031F4P3, STM32C031F4P6, STM32C031F6P3, STM32C031F6P6, STM32C031G4U3, STM32C031G4U6, STM32C031G6U3, STM32C031G6U6, STM32C031K4T3, STM32C031K4T6, STM32C031K4U3, STM32C031K4U6, STM32C031K6T3, STM32C031K6T6, STM32C031K6U3, STM32C031K6U6, STM32C051C6T6, STM32C051C6U6, STM32C051C8T6, STM32C051C8U6, STM32C051D8Y6TR, STM32C051F6P6, STM32C051F8P6, STM32C051G6U6, STM32C051G8U6, STM32C051K6T6, STM32C051K6U6, STM32C051K8T6, STM32C071C8T6, STM32C071C8T6N, STM32C071C8U6, STM32C071C8U6N, STM32C071CBT6, STM32C071CBT6N, STM32C071CBU6, STM32C071CBU6N, STM32C071F8P6, STM32C071F8P6N, STM32C071FBP6, STM32C071FBP6N, STM32C071FBY6TR, STM32C071G8U6, STM32C071G8U6N, STM32C071GBU6, STM32C071GBU6N, STM32C071K8T6, STM32C071K8T6N, STM32C071K8U6, STM32C071K8U6N, STM32C071KBT6, STM32C071KBT6N, STM32C071KBU6, STM32C071KBU6N, STM32C071R8T6, STM32C071R8T6N, STM32C071RBI6N, STM32C071RBT6, STM32C071RBT6N, STM32C091CBT6, STM32C091CBU6, STM32C091CCT6, STM32C091CCU6, STM32C091ECY6TR, STM32C091FBP6, STM32C091FCP6, STM32C091GBU6, STM32C091GCU6, STM32C091KBT6, STM32C091KBU6, STM32C091KCT6, STM32C091KCU6, STM32C091RBT6, STM32C091RCI6, STM32C091RCT6, STM32C092CBT6, STM32C092CBU6, STM32C092CCT6, STM32C092CCU6, STM32C092ECY6TR, STM32C092FBP6, STM32C092FCP6, STM32C092GBU6, STM32C092GCU6, STM32C092KBT6, STM32C092KBU6, STM32C092KCT6, STM32C092KCU6, STM32C092RBT6, STM32C092RCI6, STM32C092RCT6, STM32G071K8TXN, STM32G071K8UXN, STM32G081GBU6N, STM32G081KBT6N, STM32G081KBUXN, STM32G0B1CCT6N, STM32G0B1KCT6, STM32G0B1NEY6TR, STM32G0B1RCT6N, STM32G0C1CCT6, STM32G0C1CCT6N, STM32G0C1CCU6N, STM32G0C1CET6N, STM32G0C1CEU6N, STM32G0C1KCT6, STM32G0C1NEY6TR, STM32G0C1RCI6N, STM32G0C1RCT6N, STM32G0C1REI6N, STM32G0C1RET6N, STM32G0C1VCI6, STM32G0C1VEI6, STM32G411C6T3, STM32G411C6T6, STM32G411C6U3, STM32G411C6U6, STM32G411C8T3, STM32G411C8T6, STM32G411C8U3, STM32G411C8U6, STM32G411CBT3, STM32G411CBT6, STM32G411CBU3, STM32G411CBU6, STM32G411K6T3, STM32G411K6T6, STM32G411K6U3, STM32G411K6U6, STM32G411K8T3, STM32G411K8T6, STM32G411K8U3, STM32G411K8U6, STM32G411KBT3, STM32G411KBT6, STM32G411KBU3, STM32G411KBU6, STM32G411M6T3, STM32G411M6T6, STM32G411M8T3, STM32G411M8T6, STM32G411MBT3, STM32G411MBT6, STM32G411R6T3, STM32G411R6T6, STM32G411R8T3, STM32G411R8T6, STM32G411RBT3, STM32G411RBT6, STM32G414CBT3, STM32G414CBT6, STM32G414CBU3, STM32G414CBU6, STM32G414CCT3, STM32G414CCT6, STM32G414CCU3, STM32G414CCU6, STM32G414MBT3, STM32G414MBT6, STM32G414MCT3, STM32G414MCT6, STM32G414RBT3, STM32G414RBT6, STM32G414RCT3, STM32G414RCT6, STM32G414VBT3, STM32G414VBT6, STM32G414VCT3, STM32G414VCT6, STM32G431CBT3Z, STM32G431RBT3Z, STM32G471CCT6, STM32G471CCU6, STM32G471CET3, STM32G471CET6, STM32G471CEU3, STM32G471CEU6, STM32G471MCT6, STM32G471MET3, STM32G471MET6, STM32G471MEY6TR, STM32G471QCT6, STM32G471QET3, STM32G471RCT6, STM32G471RET3, STM32G471RET6, STM32G471VCH6, STM32G471VCI6, STM32G471VCT6, STM32G471VEH3, STM32G471VEH6, STM32G471VEI3, STM32G471VEI6, STM32G471VET3, STM32G471VET6, STM32G473QET3Z, STM32G473RET3Z, STM32G474CCT6, STM32G491RET3Z, STM32H503CBT6, STM32H503CBU6, STM32H503EBY6TR, STM32H503KBU6, STM32H503RBT6, STM32H523CCT6, STM32H523CCU6, STM32H523CET6, STM32H523CEU6, STM32H523HEY6TR, STM32H523RCT6, STM32H523RET6, STM32H523VCI6, STM32H523VCT6, STM32H523VEI6, STM32H523VET6, STM32H523ZCJ6, STM32H523ZCT6, STM32H523ZEJ6, STM32H523ZET6, STM32H533CET6, STM32H533CEU6, STM32H533HEY6TR, STM32H533RET6, STM32H533VEI6, STM32H533VET6, STM32H533ZEJ6, STM32H533ZET6, STM32H562AGI6, STM32H562AII6, STM32H562IGK6, STM32H562IGT6, STM32H562IIK6, STM32H562IIT6, STM32H562RGT6, STM32H562RGV6, STM32H562RIT6, STM32H562RIV6, STM32H562VGT6, STM32H562VIT6, STM32H562ZGT6, STM32H562ZIT6, STM32H563AGI6, STM32H563AII3Q, STM32H563AII6, STM32H563IGK6, STM32H563IGT6, STM32H563IIK3Q, STM32H563IIK6, STM32H563IIT3Q, STM32H563IIT6, STM32H563MIY3QTR, STM32H563RGT6, STM32H563RGV6, STM32H563RIT6, STM32H563RIV6, STM32H563VGT6, STM32H563VIT3Q, STM32H563VIT6, STM32H563ZGT6, STM32H563ZIT3Q, STM32H563ZIT6, STM32H573AII3Q, STM32H573AII6, STM32H573I-DK, STM32H573IIK3Q, STM32H573IIK6, STM32H573IIT3Q, STM32H573IIT6, STM32H573MIY3QTR, STM32H573RIT6, STM32H573RIV6, STM32H573VIT3Q, STM32H573VIT6, STM32H573ZIT3Q, STM32H573ZIT6, STM32H7R3A8I6, STM32H7R3I8K6, STM32H7R3I8T6, STM32H7R3L8H6, STM32H7R3L8H6H, STM32H7R3R8V6, STM32H7R3V8H6, STM32H7R3V8T6, STM32H7R3V8Y6TR, STM32H7R3Z8J6, STM32H7R3Z8T6, STM32H7R7A8I6, STM32H7R7I8K6, STM32H7R7I8T6, STM32H7R7L8H6, STM32H7R7L8H6H, STM32H7R7Z8J6, STM32H7S3A8I6, STM32H7S3I8K6, STM32H7S3I8T6, STM32H7S3L8H6, STM32H7S3L8H6H, STM32H7S3R8V6, STM32H7S3V8H6, STM32H7S3V8T6, STM32H7S3V8Y6TR, STM32H7S3Z8J6, STM32H7S3Z8T6, STM32H7S78-DK, STM32H7S7A8I6, STM32H7S7I8K6, STM32H7S7I8T6, STM32H7S7L8H6, STM32H7S7L8H6H, STM32H7S7Z8J6, STM32L4R5QGI6STR, STM32MP131AAE3, STM32MP131AAF3, STM32MP131AAG3, STM32MP131CAE3, STM32MP131CAF3, STM32MP131CAG3, STM32MP131DAE7, STM32MP131DAF7, STM32MP131DAG7, STM32MP131FAE7, STM32MP131FAF7, STM32MP131FAG7, STM32MP133AAE3, STM32MP133AAF3, STM32MP133AAG3, STM32MP133CAE3, STM32MP133CAF3, STM32MP133CAG3, STM32MP133DAE7, STM32MP133DAF7, STM32MP133DAG7, STM32MP133FAE7, STM32MP133FAF7, STM32MP133FAG7, STM32MP135AAE3, STM32MP135AAF3, STM32MP135AAG3, STM32MP135CAE3, STM32MP135CAF3, STM32MP135CAG3, STM32MP135DAE7, STM32MP135DAF7, STM32MP135DAG7, STM32MP135F-DK, STM32MP135FAE7, STM32MP135FAF7, STM32MP135FAF7T, STM32MP135FAF7U, STM32MP135FAG7, STM32MP211AAL3, STM32MP211AAM3, STM32MP211AAN3, STM32MP211AAO3, STM32MP211CAL3, STM32MP211CAM3, STM32MP211CAN3, STM32MP211CAO3, STM32MP211DAL3, STM32MP211DAM3, STM32MP211DAN3, STM32MP211DAO3, STM32MP211FAL3, STM32MP211FAM3, STM32MP211FAN3, STM32MP211FAO3, STM32MP213AAL3, STM32MP213AAM3, STM32MP213AAN3, STM32MP213AAO3, STM32MP213CAL3, STM32MP213CAM3, STM32MP213CAN3, STM32MP213CAO3, STM32MP213DAL3, STM32MP213DAM3, STM32MP213DAN3, STM32MP213DAO3, STM32MP213FAL3, STM32MP213FAM3, STM32MP213FAN3, STM32MP213FAO3, STM32MP215AAL3, STM32MP215AAM3, STM32MP215AAN3, STM32MP215AAO3, STM32MP215CAL3, STM32MP215CAM3, STM32MP215CAN3, STM32MP215CAO3, STM32MP215DAL3, STM32MP215DAM3, STM32MP215DAN3, STM32MP215DAO3, STM32MP215F-DK, STM32MP215FAL3, STM32MP215FAM3, STM32MP215FAN3, STM32MP215FAO3, STM32MP231AAJ3, STM32MP231AAK3, STM32MP231AAL3, STM32MP231CAJ3, STM32MP231CAK3, STM32MP231CAL3, STM32MP231DAJ3, STM32MP231DAK3, STM32MP231DAL3, STM32MP231FAJ3, STM32MP231FAK3, STM32MP231FAL3, STM32MP233AAJ3, STM32MP233AAK3, STM32MP233AAL3, STM32MP233CAJ3, STM32MP233CAK3, STM32MP233CAL3, STM32MP233DAJ3, STM32MP233DAK3, STM32MP233DAL3, STM32MP233FAJ3, STM32MP233FAK3, STM32MP233FAL3, STM32MP235AAJ3, STM32MP235AAK3, STM32MP235AAL3, STM32MP235CAJ3, STM32MP235CAK3, STM32MP235CAL3, STM32MP235DAJ3, STM32MP235DAK3, STM32MP235DAL3, STM32MP235FAJ3, STM32MP235FAK3, STM32MP235FAL3, STM32MP251AAI3, STM32MP251AAK3, STM32MP251AAL3, STM32MP251CAI3, STM32MP251CAK3, STM32MP251CAL3, STM32MP251DAI3, STM32MP251DAK3, STM32MP251DAL3, STM32MP251FAI3, STM32MP251FAK3, STM32MP251FAL3, STM32MP253AAI3, STM32MP253AAK3, STM32MP253AAL3, STM32MP253CAI3, STM32MP253CAK3, STM32MP253CAL3, STM32MP253DAI3, STM32MP253DAK3, STM32MP253DAL3, STM32MP253FAI3, STM32MP253FAK3, STM32MP253FAL3, STM32MP255AAI3, STM32MP255AAK3, STM32MP255AAL3, STM32MP255CAI3, STM32MP255CAK3, STM32MP255CAL3, STM32MP255DAI3, STM32MP255DAK3, STM32MP255DAL3, STM32MP255FAI3, STM32MP255FAK3, STM32MP255FAL3, STM32MP257AAI3, STM32MP257AAK3, STM32MP257AAL3, STM32MP257CAI3, STM32MP257CAK3, STM32MP257CAL3, STM32MP257DAI3, STM32MP257DAK3, STM32MP257DAL3, STM32MP257F-DK, STM32MP257F-EV1, STM32MP257FAI3, STM32MP257FAK3, STM32MP257FAL3, STM32N645A0H3Q, STM32N645B0H3Q, STM32N645I0H3Q, STM32N645L0H3Q, STM32N645X0H3Q, STM32N645Z0H3Q, STM32N647A0H3Q, STM32N647B0H3Q, STM32N647I0H3Q, STM32N647L0H3Q, STM32N647X0H3Q, STM32N647Z0H3Q, STM32N655A0H3Q, STM32N655B0H3Q, STM32N655I0H3Q, STM32N655L0H3Q, STM32N655X0H3Q, STM32N655Z0H3Q, STM32N6570-DK, STM32N657A0H3Q, STM32N657B0H3Q, STM32N657I0H3Q, STM32N657L0H3Q, STM32N657X0H3Q, STM32N657Z0H3Q, STM32U031C6T6, STM32U031C6U6, STM32U031C8T6, STM32U031C8U6, STM32U031F4P6, STM32U031F6P6, STM32U031F8P6, STM32U031G6Y6TR, STM32U031G8Y6TR, STM32U031K4U6, STM32U031K6U6, STM32U031K8U6, STM32U031R6I6, STM32U031R6T6, STM32U031R8I6, STM32U031R8T6, STM32U073C8T6, STM32U073C8U6, STM32U073CBT6, STM32U073CBU6, STM32U073CCT6, STM32U073CCU6, STM32U073H8Y6TR, STM32U073HBY6TR, STM32U073HCY6TR, STM32U073K8U6, STM32U073KBU6, STM32U073KCU6, STM32U073M8I6, STM32U073M8T6, STM32U073MBI6, STM32U073MBT6, STM32U073MCI6, STM32U073MCT6, STM32U073R8I6, STM32U073R8T6, STM32U073RBI6, STM32U073RBT6, STM32U073RCI6, STM32U073RCT6, STM32U083C-DK, STM32U083CCT6, STM32U083CCU6, STM32U083HCY6TR, STM32U083KCU6, STM32U083MCI6, STM32U083MCT6, STM32U083RCI6, STM32U083RCT6, STM32U375CET6, STM32U375CET6Q, STM32U375CEU6, STM32U375CEU6Q, STM32U375CEY6QTR, STM32U375CGT6, STM32U375CGT6Q, STM32U375CGU6, STM32U375CGU6Q, STM32U375CGY6QTR, STM32U375KEU6, STM32U375KGU6, STM32U375REI6, STM32U375REI6Q, STM32U375RET6, STM32U375RET6Q, STM32U375REY6GTR, STM32U375REY6QTR, STM32U375RGI6, STM32U375RGI6Q, STM32U375RGT6, STM32U375RGT6Q, STM32U375RGY6GTR, STM32U375RGY6QTR, STM32U375VEI6, STM32U375VEI6Q, STM32U375VET6, STM32U375VET6Q, STM32U375VGI6, STM32U375VGI6Q, STM32U375VGT6, STM32U375VGT6Q, STM32U385CGT6, STM32U385CGT6Q, STM32U385CGU6, STM32U385CGU6Q, STM32U385CGY6QTR, STM32U385KGU6, STM32U385RGI6, STM32U385RGI6Q, STM32U385RGT6, STM32U385RGT6Q, STM32U385RGY6GTR, STM32U385RGY6QTR, STM32U385VGI6, STM32U385VGI6Q, STM32U385VGT6, STM32U385VGT6Q, STM32U535CBT6, STM32U535CBT6Q, STM32U535CBU6, STM32U535CBU6Q, STM32U535CCT6, STM32U535CCT6Q, STM32U535CCU6, STM32U535CCU6Q, STM32U535CET6, STM32U535CET6Q, STM32U535CEU6, STM32U535CEU6Q, STM32U535JEY6QTR, STM32U535NCY6QTR, STM32U535NEY6QTR, STM32U535RBI6, STM32U535RBI6Q, STM32U535RBT6, STM32U535RBT6Q, STM32U535RCI6, STM32U535RCI6Q, STM32U535RCT6, STM32U535RCT6Q, STM32U535REI6, STM32U535REI6Q, STM32U535RET6, STM32U535RET6Q, STM32U535VCI6, STM32U535VCI6Q, STM32U535VCT6, STM32U535VCT6Q, STM32U535VEI6, STM32U535VEI6Q, STM32U535VET6, STM32U535VET6Q, STM32U545CET6, STM32U545CET6Q, STM32U545CEU6, STM32U545CEU6Q, STM32U545JEY6QTR, STM32U545NEY6QTR, STM32U545REI6, STM32U545REI6Q, STM32U545RET6, STM32U545RET6Q, STM32U545VEI6, STM32U545VEI6Q, STM32U545VET6, STM32U545VET6Q, STM32U595AIH6, STM32U595AIH6Q, STM32U595AJH6, STM32U595AJH6Q, STM32U595QII6, STM32U595QII6Q, STM32U595QJI6, STM32U595QJI6Q, STM32U595RIT6, STM32U595RIT6Q, STM32U595RJT6, STM32U595RJT6Q, STM32U595VIT6, STM32U595VIT6Q, STM32U595VJT6, STM32U595VJT6Q, STM32U595ZIT6, STM32U595ZIT6Q, STM32U595ZIY6QTR, STM32U595ZJT6, STM32U595ZJT6Q, STM32U595ZJY6QTR, STM32U599BJY6QTR, STM32U599NIH6Q, STM32U599NJH6Q, STM32U599VIT6Q, STM32U599VJT6, STM32U599VJT6Q, STM32U599ZIT6Q, STM32U599ZIY6QTR, STM32U599ZJT6Q, STM32U599ZJY6QTR, STM32U5A5AJH6, STM32U5A5AJH6Q, STM32U5A5QII3Q , STM32U5A5QJI6, STM32U5A5QJI6Q, STM32U5A5RJT6, STM32U5A5RJT6Q, STM32U5A5VJT6, STM32U5A5VJT6Q, STM32U5A5ZJT6, STM32U5A5ZJT6Q, STM32U5A5ZJY6QTR, STM32U5A9BJY6QTR, STM32U5A9J-DK, STM32U5A9NJH6Q, STM32U5A9VJT6Q, STM32U5A9ZJT6Q, STM32U5A9ZJY6QTR, STM32U5F7VIT6, STM32U5F7VIT6Q, STM32U5F7VJT6, STM32U5F7VJT6Q, STM32U5F9BJY6QTR, STM32U5F9NJH6Q, STM32U5F9VIT6Q, STM32U5F9VJT6Q, STM32U5F9ZIJ6QTR, STM32U5F9ZIT6Q, STM32U5F9ZJJ6QTR, STM32U5F9ZJT6Q, STM32U5G7VJT6, STM32U5G7VJT6Q, STM32U5G9BJY6QTR, STM32U5G9J-DK1, STM32U5G9J-DK2, STM32U5G9NJH6Q, STM32U5G9VJT6Q, STM32U5G9ZJJ6QTR, STM32U5G9ZJT6Q, STM32WB05KZV6TR, STM32WB05KZV7TR, STM32WB05TZF6TR, STM32WB05TZF7TR, STM32WB06CCF6TR, STM32WB06CCF7TR, STM32WB06CCV6TR, STM32WB06CCV7TR, STM32WB06KCV6TR, STM32WB06KCV7TR, STM32WB07CCF6TR, STM32WB07CCF7TR, STM32WB07CCV6TR, STM32WB07CCV7TR, STM32WB07KCV6TR, STM32WB07KCV7TR, STM32WB09KEV6TR, STM32WB09KEV7TR, STM32WB09TEF6TR, STM32WB09TEF7TR, STM32WB1MMCH6, STM32WBA50KGU6, STM32WBA50KGU6TR, STM32WBA52CEU6, STM32WBA52CEU6TR, STM32WBA52CEU7, STM32WBA52CEU7TR, STM32WBA52CGU6, STM32WBA52CGU6TR, STM32WBA52CGU6U, STM32WBA52CGU7, STM32WBA52CGU7TR, STM32WBA52KEU6, STM32WBA52KEU6TR, STM32WBA52KGU6, STM32WBA52KGU6TR, STM32WBA54CEU6, STM32WBA54CEU6TR, STM32WBA54CEU7, STM32WBA54CEU7TR, STM32WBA54CGU6, STM32WBA54CGU6TR, STM32WBA54CGU7, STM32WBA54CGU7TR, STM32WBA54KEU6, STM32WBA54KEU6TR, STM32WBA54KEU7, STM32WBA54KEU7TR, STM32WBA54KGU6, STM32WBA54KGU6TR, STM32WBA54KGU7, STM32WBA54KGU7TR, STM32WBA55CEU6, STM32WBA55CEU6TR, STM32WBA55CEU7, STM32WBA55CEU7TR, STM32WBA55CGU6, STM32WBA55CGU6TR, STM32WBA55CGU6U, STM32WBA55CGU7, STM32WBA55CGU7TR, STM32WBA55G-DK1, STM32WBA55HEF6, STM32WBA55HEF7, STM32WBA55HGF6, STM32WBA55HGF7, STM32WBA55UEI6, STM32WBA55UEI6TR, STM32WBA55UEI7, STM32WBA55UEI7TR, STM32WBA55UGI6, STM32WBA55UGI6TR, STM32WBA55UGI7, STM32WBA55UGI7TR, STM32WBA5MMGH6TR, STM32WBA62MGF6, STM32WBA62MIF6, STM32WBA65MGF7, STM32WBA65MIF6, STM32WBA65MIF7, STM32WL30K8V6, STM32WL30KBV6, STM32WL31C8V6, STM32WL31CBV6, STM32WL31K8V6, STM32WL31KBV6, STM32WL33C8V6, STM32WL33C8V6X, STM32WL33CBV6, STM32WL33CBV6X, STM32WL33CCV6, STM32WL33CCV6A, STM32WL33CCV6X, STM32WL33K8V7, STM32WL33K8V7X, STM32WL33KBV7 , STM32WL33KBV7X, STM32WL33KCV7, STM32WL33KCV7X, STM32WL5MOCH6, STM32WL5MOCH6TR]
2026-08-06 21:12:26,322 [INFO] BoardInfo:889 - No configuration file found for board NUCLEO-H5E5ZJ
2026-08-06 21:12:26,326 [INFO] DbBoards:161 - Board is not supported: NUCLEO-H5E5ZJ
2026-08-06 21:12:26,587 [INFO] BoardInfo:889 - No configuration file found for board NUCLEO-U3C5ZI-Q
2026-08-06 21:12:26,594 [INFO] DbBoards:161 - Board is not supported: NUCLEO-U3C5ZI-Q
2026-08-06 21:12:26,660 [INFO] BoardInfo:889 - No configuration file found for board NUCLEO-WBA25CE1
2026-08-06 21:12:26,663 [INFO] DbBoards:161 - Board is not supported: NUCLEO-WBA25CE1
2026-08-06 21:12:26,710 [INFO] BoardInfo:889 - No configuration file found for board NUCLEO-WL3RKB1
2026-08-06 21:12:26,715 [INFO] DbBoards:161 - Board is not supported: NUCLEO-WL3RKB1
2026-08-06 21:12:26,719 [INFO] BoardInfo:889 - No configuration file found for board NUCLEO-WL3RKB2
2026-08-06 21:12:26,723 [INFO] DbBoards:161 - Board is not supported: NUCLEO-WL3RKB2
2026-08-06 21:12:26,747 [INFO] BoardInfo:889 - No configuration file found for board P-NUCLEO-WB55
2026-08-06 21:12:26,750 [INFO] DbBoards:161 - Kit is not supported: P-NUCLEO-WB55
2026-08-06 21:12:26,776 [INFO] BoardInfo:889 - No configuration file found for board STEVAL-BFA001V1B
2026-08-06 21:12:26,780 [INFO] DbBoards:161 - Kit is not supported: STEVAL-BFA001V1B
2026-08-06 21:12:26,784 [INFO] BoardInfo:889 - No configuration file found for board STEVAL-BFA001V2B
2026-08-06 21:12:26,790 [INFO] DbBoards:161 - Kit is not supported: STEVAL-BFA001V2B
2026-08-06 21:12:27,232 [INFO] BoardInfo:889 - No configuration file found for board STM32H5F5J-DK
2026-08-06 21:12:27,238 [INFO] DbBoards:161 - Board is not supported: STM32H5F5J-DK
2026-08-06 21:12:27,613 [INFO] DbBoards:168 - Found 218 boards, 209 are supported
2026-08-06 21:12:27,614 [INFO] DbBoards:169 - Found 218 boards, 43 of them is supported for  Bsp
2026-08-06 21:12:27,621 [INFO] ApiDb:414 - User favorites file not found: C:\Users\user/.stm32cubeide/favorites.boards.txt
2026-08-06 21:12:27,621 [INFO] DbBoards:198 - Set 0 / 0 favorites Boards
2026-08-06 21:12:27,622 [INFO] McuFinderGlobals:76 - Set McuFinderConnectedMode to true
2026-08-06 21:12:27,638 [INFO] MultiScanPanel:200 - Auto-refresh data requested => check proxy status ongoing
2026-08-06 21:12:27,643 [INFO] FinderPluginLoader:96 - Searching for filters in installed packs
2026-08-06 21:12:31,798 [INFO] LoadUrlFilesThread:185 - End of LoadServerUrlFiles without Thread
2026-08-06 21:12:31,835 [INFO] DetailPanel:341 - Set advertising image to C:/Users/user/STM32Cube/Repository/\en.stm32h5cubemxbanner.png
2026-08-06 21:17:23,142 [INFO] MultiScanPanel:200 - Auto-refresh data requested => check proxy status ongoing
2026-08-06 21:17:23,580 [INFO] LoadUrlFilesThread:185 - End of LoadServerUrlFiles without Thread
2026-08-06 21:17:23,580 [INFO] DetailPanel:341 - Set advertising image to C:/Users/user/STM32Cube/Repository/\en.stm32h5cubemxbanner.png
2026-08-06 21:17:23,614 [INFO] DbBoards:642 - Loading board mini-images...
2026-08-06 21:17:30,091 [INFO] DbBoards:665 - Loaded 218 board mini-images
2026-08-06 21:22:32,458 [INFO] MainUpdater:2872 - connection check result : 10
2026-08-06 21:22:32,459 [INFO] MainUpdater:2872 - connection check result : 10
2026-08-06 21:22:32,492 [INFO] MicroXplorer:468 - Change Database Path : 
2026-08-06 21:22:32,492 [INFO] MicroXplorer:498 - Change Database Version : DB.6.0.150
2026-08-06 21:22:32,503 [WARN] ThirdParty:871 - waiting for thirdparty lock release [close project]
2026-08-06 21:22:32,503 [INFO] ThirdParty:873 - entering critical section [close project]
2026-08-06 21:22:32,506 [INFO] ThirdParty:883 - exiting critical section [close project]
2026-08-06 21:22:32,513 [INFO] PinOutPanel:1589 - setPackage(No Configuration,No Configuration)
2026-08-06 21:22:32,516 [INFO] UtilMem:75 - Begin LoadConfig() Used Memory: 949422144 Bytes (1073741824)
2026-08-06 21:22:32,530 [INFO] OpenFileManager:355 - Change cursor
2026-08-06 21:22:32,576 [WARN] IntegrityCheckThread:84 - waiting for thirdparty lock release [integrity check]
2026-08-06 21:22:32,576 [INFO] IntegrityCheckThread:86 - entering critical section [integrity check]
2026-08-06 21:22:33,392 [WARN] PackLoader:240 - Cannot read IP mode file for STMicroelectronics.X-CUBE-AZRTOS-H7.3.5.0
2026-08-06 21:22:33,421 [WARN] PackLoader:240 - Cannot read IP mode file for STMicroelectronics.FP-ATR-ASTRA1.2.0.3
2026-08-06 21:22:33,436 [ERROR] Engine:466 - C:\Users\user\.stm32cubemx\thirdparties\pdsc\STMicroelectronics.X-CUBE-SMBUS.2.1.1.pdsc: PDSC version is not supported
2026-08-06 21:22:33,491 [WARN] PackLoader:240 - Cannot read IP mode file for STMicroelectronics.X-CUBE-AZRTOS-F7.1.1.0
2026-08-06 21:22:33,519 [WARN] PackLoader:240 - Cannot read IP mode file for STMicroelectronics.X-CUBE-FREERTOS.1.6.0
2026-08-06 21:22:33,531 [WARN] PackLoader:240 - Cannot read IP mode file for STMicroelectronics.FP-SNS-MOTENV1.5.1.0
2026-08-06 21:22:33,591 [WARN] PackLoader:240 - Cannot read IP mode file for STMicroelectronics.X-CUBE-AZRTOS-H7RS.1.3.0
2026-08-06 21:22:33,615 [WARN] PackLoader:240 - Cannot read IP mode file for WES.I-CUBE-Cesium.1.4.0
2026-08-06 21:22:33,630 [WARN] PackLoader:240 - Cannot read IP mode file for STMicroelectronics.X-CUBE-DISPLAY.3.0.0
2026-08-06 21:22:33,653 [WARN] PackLoader:240 - Cannot read IP mode file for STMicroelectronics.X-CUBE-GNSS1.7.1.1
2026-08-06 21:22:33,664 [WARN] PackLoader:240 - Cannot read IP mode file for STMicroelectronics.FP-SNS-MOTENVWB1.1.5.0
2026-08-06 21:22:33,681 [WARN] PackLoader:240 - Cannot read IP mode file for STMicroelectronics.X-CUBE-NFC10.1.0.0
2026-08-06 21:22:33,695 [WARN] PackLoader:240 - Cannot read IP mode file for STMicroelectronics.X-CUBE-ST60.1.1.0
2026-08-06 21:22:33,709 [WARN] PackLoader:240 - Cannot read IP mode file for emotas.I-CUBE-CANOPEN.1.3.0
2026-08-06 21:22:33,720 [WARN] PackLoader:240 - Cannot read IP mode file for wolfSSL.I-CUBE-wolfSSL.5.9.2
2026-08-06 21:22:33,725 [ERROR] Engine:466 - C:\Users\user\.stm32cubemx\thirdparties\pdsc\STMicroelectronics.X-CUBE-WBA.1.1.0.pdsc: PDSC version is not supported
2026-08-06 21:22:33,738 [WARN] PackLoader:240 - Cannot read IP mode file for STMicroelectronics.FP-SNS-STBOX1.2.1.0
2026-08-06 21:22:33,752 [WARN] PackLoader:240 - Cannot read IP mode file for STMicroelectronics.FP-SNS-SMARTAG2.1.2.0
2026-08-06 21:22:33,759 [WARN] PackLoader:240 - Cannot read IP mode file for STMicroelectronics.FP-SNS-FLIGHT1.5.1.0
2026-08-06 21:22:33,785 [INFO] LogOutputStream:77 - [STDOUT_REDIRECT] 1 : Invalid condition id : UX_CORESTACK_Condition cause : null
2026-08-06 21:22:33,787 [INFO] LogOutputStream:77 - [STDOUT_REDIRECT] 1 : Invalid condition id : UX_CORESTACK_Condition cause : null
2026-08-06 21:22:33,790 [INFO] LogOutputStream:77 - [STDOUT_REDIRECT] 1 : Invalid condition id : UX_CORESTACK_Condition cause : null
2026-08-06 21:22:33,794 [INFO] LogOutputStream:77 - [STDOUT_REDIRECT] 1 : Invalid condition id : UX_CORESTACK_Condition cause : null
2026-08-06 21:22:33,796 [INFO] LogOutputStream:77 - [STDOUT_REDIRECT] 1 : Invalid condition id : UX_CORESTACK_Condition cause : null
2026-08-06 21:22:33,800 [WARN] PackLoader:240 - Cannot read IP mode file for STMicroelectronics.X-CUBE-AZRTOS-WL.2.0.0
2026-08-06 21:22:33,813 [WARN] PackLoader:240 - Cannot read IP mode file for STMicroelectronics.X-CUBE-BLE2.3.3.0
2026-08-06 21:22:33,871 [WARN] PackLoader:240 - Cannot read IP mode file for Infineon.AIROC-Wi-Fi-Bluetooth-STM32.1.8.0
2026-08-06 21:22:33,890 [WARN] PackLoader:240 - Cannot read IP mode file for STMicroelectronics.X-CUBE-NFC9.1.0.0
2026-08-06 21:22:33,901 [WARN] PackLoader:240 - Cannot read IP mode file for STMicroelectronics.X-CUBE-BLE1.7.1.0
2026-08-06 21:22:33,906 [WARN] PackLoader:240 - Cannot read IP mode file for wolfSSL.I-CUBE-wolfMQTT.1.19.2
2026-08-06 21:22:33,917 [WARN] PackLoader:240 - Cannot read IP mode file for STMicroelectronics.X-CUBE-EEPRMA1.5.2.0
2026-08-06 21:22:33,951 [WARN] PackLoader:240 - Cannot read IP mode file for STMicroelectronics.FP-SNS-STAIOTCFT.1.1.0
2026-08-06 21:22:33,975 [WARN] PackLoader:240 - Cannot read IP mode file for STMicroelectronics.X-CUBE-AZRTOS-G0.1.1.0
2026-08-06 21:22:33,993 [WARN] PackLoader:240 - Cannot read IP mode file for STMicroelectronics.X-CUBE-NFC4.3.0.0
2026-08-06 21:22:34,007 [WARN] PackLoader:240 - Cannot read IP mode file for EmbeddedOffice.I-CUBE-FS-RTOS.1.0.1
2026-08-06 21:22:34,016 [WARN] PackLoader:240 - Cannot read IP mode file for wolfSSL.I-CUBE-wolfTPM.3.8.0
2026-08-06 21:22:34,028 [WARN] PackLoader:240 - Cannot read IP mode file for STMicroelectronics.X-CUBE-TCPP.4.2.0
2026-08-06 21:22:34,038 [WARN] PackLoader:240 - Cannot read IP mode file for RealThread.X-CUBE-RT-Thread_Nano.4.1.1
2026-08-06 21:22:34,044 [WARN] PackLoader:240 - Cannot read IP mode file for STMicroelectronics.FP-ATR-SIGFOX1.3.2.0
2026-08-06 21:22:34,052 [WARN] PackLoader:240 - Cannot read IP mode file for ITTIA_DB.I-CUBE-ITTIADB.8.9.0
2026-08-06 21:22:34,058 [WARN] PackLoader:240 - Cannot read IP mode file for Cesanta.I-CUBE-Mongoose.7.21.7
2026-08-06 21:22:34,069 [WARN] PackLoader:240 - Cannot read IP mode file for STMicroelectronics.X-CUBE-NFC6.3.2.0
2026-08-06 21:22:34,079 [WARN] PackLoader:240 - Cannot read IP mode file for STMicroelectronics.X-CUBE-AI.10.2.1
2026-08-06 21:22:34,129 [WARN] PackLoader:240 - Cannot read IP mode file for SEGGER.I-CUBE-embOS.1.3.1
2026-08-06 21:22:34,201 [WARN] PackLoader:240 - Cannot read IP mode file for STMicroelectronics.X-CUBE-NFC13.1.0.0
2026-08-06 21:22:34,210 [WARN] PackLoader:240 - Cannot read IP mode file for STMicroelectronics.X-CUBE-PM33A1.1.0.0
2026-08-06 21:22:34,235 [WARN] PackLoader:240 - Cannot read IP mode file for STMicroelectronics.X-CUBE-AZRTOS-F4.1.1.0
2026-08-06 21:22:34,248 [WARN] PackLoader:240 - Cannot read IP mode file for STMicroelectronics.X-CUBE-ISPU.2.1.0
2026-08-06 21:22:34,268 [WARN] PackLoader:240 - Cannot read IP mode file for STMicroelectronics.X-CUBE-IPS.3.2.0
2026-08-06 21:22:34,287 [WARN] PackLoader:240 - Cannot read IP mode file for STMicroelectronics.eDS-WB_DPC_TT-BIDIR.2.1.1
2026-08-06 21:22:34,298 [WARN] PackLoader:240 - Cannot read IP mode file for STMicroelectronics.X-CUBE-NFC12.1.0.0
2026-08-06 21:22:34,325 [WARN] PackLoader:240 - Cannot read IP mode file for STMicroelectronics.X-CUBE-AZRTOS-L5.2.0.0
2026-08-06 21:22:34,337 [WARN] PackLoader:240 - Cannot read IP mode file for STMicroelectronics.X-CUBE-ALGOBUILD.1.5.0
2026-08-06 21:22:34,345 [WARN] PackLoader:240 - Cannot read IP mode file for STMicroelectronics.eDS-WB_DPC_VIENNA.1.2.0
2026-08-06 21:22:34,406 [WARN] PackLoader:240 - Cannot read IP mode file for STMicroelectronics.X-CUBE-MEMS1.13.0.0
2026-08-06 21:22:34,552 [WARN] PackLoader:240 - Cannot read IP mode file for STMicroelectronics.eDS-WB_DPC_3PH2L-BIDIR.1.1.1
2026-08-06 21:22:34,557 [ERROR] Engine:466 - C:\Users\user\.stm32cubemx\thirdparties\pdsc\STMicroelectronics.X-CUBE-ST67W61.1.3.0.pdsc: PDSC version is not supported
2026-08-06 21:22:34,564 [WARN] PackLoader:240 - Cannot read IP mode file for STMicroelectronics.X-CUBE-TOUCHGFX.4.26.1
2026-08-06 21:22:34,573 [WARN] PackLoader:240 - Cannot read IP mode file for STMicroelectronics.X-CUBE-DPower.1.3.0
2026-08-06 21:22:34,600 [WARN] ConditionMgr:438 - getConditionDescription Invalid condition id : LAN8742 Phy interface Condition cause : null
2026-08-06 21:22:34,602 [WARN] PackLoader:240 - Cannot read IP mode file for STMicroelectronics.X-CUBE-AZRTOS-L4.2.0.0
2026-08-06 21:22:34,604 [WARN] ConditionMgr:1044 - genDependencies : Invalid condition id : LAN8742 Phy interface Condition cause : null
2026-08-06 21:22:34,604 [WARN] ConditionMgr:1044 - genDependencies : Invalid condition id : LAN8742 Phy interface Condition cause : null
2026-08-06 21:22:34,605 [WARN] ConditionMgr:1044 - genDependencies : Invalid condition id : LAN8742 Phy interface Condition cause : null
2026-08-06 21:22:34,617 [WARN] PackLoader:240 - Cannot read IP mode file for STMicroelectronics.X-CUBE-SFXS2LP1.4.0.0
2026-08-06 21:22:34,627 [WARN] PackLoader:240 - Cannot read IP mode file for STMicroelectronics.X-CUBE-WB05N.2.1.0
2026-08-06 21:22:34,645 [WARN] ConditionMgr:438 - getConditionDescription Invalid condition id : UX DEVICE CLASS RTOS Condition cause : null
2026-08-06 21:22:34,645 [WARN] ConditionMgr:438 - getConditionDescription Invalid condition id : UX DEVICE CLASS RTOS Condition cause : null
2026-08-06 21:22:34,648 [WARN] PackLoader:240 - Cannot read IP mode file for STMicroelectronics.X-CUBE-AZRTOS-WB.2.0.0
2026-08-06 21:22:34,648 [WARN] ConditionMgr:1044 - genDependencies : Invalid condition id : UX DEVICE CLASS RTOS Condition cause : null
2026-08-06 21:22:34,649 [WARN] ConditionMgr:1044 - genDependencies : Invalid condition id : UX DEVICE CLASS RTOS Condition cause : null
2026-08-06 21:22:34,649 [WARN] ConditionMgr:1044 - genDependencies : Invalid condition id : UX DEVICE CLASS RTOS Condition cause : null
2026-08-06 21:22:34,649 [WARN] ConditionMgr:1044 - genDependencies : Invalid condition id : UX DEVICE CLASS RTOS Condition cause : null
2026-08-06 21:22:34,650 [WARN] ConditionMgr:1044 - genDependencies : Invalid condition id : UX DEVICE CLASS RTOS Condition cause : null
2026-08-06 21:22:34,657 [WARN] ConditionMgr:438 - getConditionDescription Invalid condition id : Cortex-A Device cause : null
2026-08-06 21:22:34,671 [WARN] ConditionMgr:1044 - genDependencies : Invalid condition id : Cortex-A Device cause : null
2026-08-06 21:22:34,671 [WARN] ConditionMgr:1044 - genDependencies : Invalid condition id : Cortex-A Device cause : null
2026-08-06 21:22:34,672 [WARN] ConditionMgr:1044 - genDependencies : Invalid condition id : Cortex-A Device cause : null
2026-08-06 21:22:34,681 [WARN] PackLoader:240 - Cannot read IP mode file for STMicroelectronics.X-CUBE-STSE01.2.0.0
2026-08-06 21:22:34,700 [WARN] PackLoader:240 - Cannot read IP mode file for STMicroelectronics.X-CUBE-SUBG2.5.0.0
2026-08-06 21:22:34,726 [WARN] PackLoader:240 - Cannot read IP mode file for STMicroelectronics.X-CUBE-AZRTOS-G4.2.0.0
2026-08-06 21:22:34,734 [WARN] PackLoader:240 - Cannot read IP mode file for wolfSSL.I-CUBE-wolfSSH.1.4.20
2026-08-06 21:22:34,742 [WARN] PackLoader:240 - Cannot read IP mode file for STMicroelectronics.X-CUBE-NFC7.2.0.0
2026-08-06 21:22:34,747 [ERROR] Engine:466 - C:\Users\user\.stm32cubemx\thirdparties\pdsc\STMicroelectronics.X-CUBE-BLEMGR.4.2.0.pdsc: PDSC version is not supported
2026-08-06 21:22:34,751 [WARN] PackLoader:240 - Cannot read IP mode file for STMicroelectronics.X-CUBE-ALS.1.0.2
2026-08-06 21:22:34,766 [WARN] PackLoader:240 - Cannot read IP mode file for STMicroelectronics.X-CUBE-TOF1.3.4.3
2026-08-06 21:22:34,779 [INFO] ThirdParty:978 - Integrity check success = true
2026-08-06 21:22:34,779 [INFO] IntegrityCheckThread:100 - exiting critical section [integrity check]
2026-08-06 21:22:34,779 [INFO] IntegrityCheckThread:103 - End integrity checks thread
2026-08-06 21:22:34,830 [INFO] ProjectFactory:514 - No CPN specified for board NUCLEO-F401RE => set CPN to STM32F401RET6
2026-08-06 21:22:34,832 [INFO] Mcu:2029 - Initializing MCU STM32F401R(D-E)Tx STM32F401RETx STM32F401RET6
2026-08-06 21:22:37,313 [INFO] Context:786 - Trying to add GPIOservice into a context  which must be forbidden
2026-08-06 21:22:38,212 [INFO] Rule:233 - rule 117617 - U5Cobra4M][GTZC] default value MPCBB3 and MPCBB5 - Not Secured memory - MPCBB1 is applicable
2026-08-06 21:22:38,213 [INFO] Rule:233 - rule 117617 - U5Cobra4M][GTZC] default value MPCBB3 and MPCBB5 - Not Secured memory - MPCBB1 is applicable
2026-08-06 21:22:38,213 [INFO] Rule:233 - rule 117617 - U5Cobra4M][GTZC] default value MPCBB3 and MPCBB5 - Not Secured memory - MPCBB2 is applicable
2026-08-06 21:22:38,213 [INFO] Rule:233 - rule 117617 - U5Cobra4M][GTZC] default value MPCBB3 and MPCBB5 - Not Secured memory - MPCBB2 is applicable
2026-08-06 21:22:38,213 [INFO] Rule:233 - rule 117617 - U5Cobra4M][GTZC] default value MPCBB3 and MPCBB5 - Not Secured memory - MPCBB3 is applicable
2026-08-06 21:22:38,213 [INFO] Rule:233 - rule 117617 - U5Cobra4M][GTZC] default value MPCBB3 and MPCBB5 - Not Secured memory - MPCBB3 is applicable
2026-08-06 21:22:38,213 [INFO] Rule:233 - rule 117617 - U5Cobra4M][GTZC] default value MPCBB3 and MPCBB5 - Not Secured memory - MPCBB4 is applicable
2026-08-06 21:22:38,213 [INFO] Rule:233 - rule 117617 - U5Cobra4M][GTZC] default value MPCBB3 and MPCBB5 - Not Secured memory - MPCBB4 is applicable
2026-08-06 21:22:38,213 [INFO] Rule:233 - rule 117617 - U5Cobra4M][GTZC] default value MPCBB3 and MPCBB5 - Secured memory - MPCBB1 is applicable
2026-08-06 21:22:38,215 [INFO] Rule:233 - rule 117617 - U5Cobra4M][GTZC] default value MPCBB3 and MPCBB5 - Secured memory - MPCBB2 is applicable
2026-08-06 21:22:38,215 [INFO] Rule:233 - rule 117617 - U5Cobra4M][GTZC] default value MPCBB3 and MPCBB5 - Secured memory - MPCBB3 is applicable
2026-08-06 21:22:38,215 [INFO] Rule:233 - rule 117617 - U5Cobra4M][GTZC] default value MPCBB3 and MPCBB5 - Secured memory - MPCBB4 is applicable
2026-08-06 21:22:38,215 [INFO] Rule:233 - rule 117617 - U5Cobra4M][GTZC] default value MPCBB3 and MPCBB5 - Privileged memory - MPCBB1 is applicable
2026-08-06 21:22:38,215 [INFO] Rule:233 - rule 117617 - U5Cobra4M][GTZC] default value MPCBB3 and MPCBB5 - Privileged memory - MPCBB2 is applicable
2026-08-06 21:22:38,215 [INFO] Rule:233 - rule 117617 - U5Cobra4M][GTZC] default value MPCBB3 and MPCBB5 - Privileged memory - MPCBB3 is applicable
2026-08-06 21:22:38,215 [INFO] Rule:233 - rule 117617 - U5Cobra4M][GTZC] default value MPCBB3 and MPCBB5 - Privileged memory - MPCBB4 is applicable
2026-08-06 21:22:38,215 [INFO] Rule:233 - rule 117617 - U5Cobra4M][GTZC] default value MPCBB3 and MPCBB5 - Not Privileged memory - MPCBB1 is applicable
2026-08-06 21:22:38,215 [INFO] Rule:233 - rule 117617 - U5Cobra4M][GTZC] default value MPCBB3 and MPCBB5 - Not Privileged memory - MPCBB2 is applicable
2026-08-06 21:22:38,216 [INFO] Rule:233 - rule 117617 - U5Cobra4M][GTZC] default value MPCBB3 and MPCBB5 - Not Privileged memory - MPCBB3 is applicable
2026-08-06 21:22:38,216 [INFO] Rule:233 - rule 117617 - U5Cobra4M][GTZC] default value MPCBB3 and MPCBB5 - Not Privileged memory - MPCBB4 is applicable
2026-08-06 21:22:38,216 [INFO] Rule:233 - rule 117617 - U5Cobra4M][GTZC] default value MPCBB3 and MPCBB5 - Privileged memory - MPCBB1 is applicable
2026-08-06 21:22:38,216 [INFO] Rule:233 - rule 117617 - U5Cobra4M][GTZC] default value MPCBB3 and MPCBB5 - Privileged memory - MPCBB2 is applicable
2026-08-06 21:22:38,216 [INFO] Rule:233 - rule 117617 - U5Cobra4M][GTZC] default value MPCBB3 and MPCBB5 - Privileged memory - MPCBB3 is applicable
2026-08-06 21:22:38,216 [INFO] Rule:233 - rule 117617 - U5Cobra4M][GTZC] default value MPCBB3 and MPCBB5 - Privileged memory - MPCBB4 is applicable
2026-08-06 21:22:38,216 [INFO] Rule:233 - rule 117617 - U5Cobra4M][GTZC] default value MPCBB3 and MPCBB5 - Privileged memory - MPCBB1 is applicable
2026-08-06 21:22:38,216 [INFO] Rule:233 - rule 117617 - U5Cobra4M][GTZC] default value MPCBB3 and MPCBB5 - Privileged memory - MPCBB2 is applicable
2026-08-06 21:22:38,217 [INFO] Rule:233 - rule 117617 - U5Cobra4M][GTZC] default value MPCBB3 and MPCBB5 - Privileged memory - MPCBB3 is applicable
2026-08-06 21:22:38,217 [INFO] Rule:233 - rule 117617 - U5Cobra4M][GTZC] default value MPCBB3 and MPCBB5 - Privileged memory - MPCBB4 is applicable
2026-08-06 21:22:38,217 [INFO] Rule:233 - rule 117617 - U5Cobra4M][GTZC] default value MPCBB3 and MPCBB5 - Not Privileged memory - MPCBB1 is applicable
2026-08-06 21:22:38,217 [INFO] Rule:233 - rule 117617 - U5Cobra4M][GTZC] default value MPCBB3 and MPCBB5 - Not Privileged memory - MPCBB2 is applicable
2026-08-06 21:22:38,217 [INFO] Rule:233 - rule 117617 - U5Cobra4M][GTZC] default value MPCBB3 and MPCBB5 - Not Privileged memory - MPCBB3 is applicable
2026-08-06 21:22:38,217 [INFO] Rule:233 - rule 117617 - U5Cobra4M][GTZC] default value MPCBB3 and MPCBB5 - Not Privileged memory - MPCBB4 is applicable
2026-08-06 21:22:38,217 [INFO] Rule:233 - rule 117617 - U5Cobra4M][GTZC] default value MPCBB3 and MPCBB5 - Privileged memory - MPCBB1 is applicable
2026-08-06 21:22:38,218 [INFO] Rule:233 - rule 117617 - U5Cobra4M][GTZC] default value MPCBB3 and MPCBB5 - Privileged memory - MPCBB2 is applicable
2026-08-06 21:22:38,218 [INFO] Rule:233 - rule 117617 - U5Cobra4M][GTZC] default value MPCBB3 and MPCBB5 - Privileged memory - MPCBB3 is applicable
2026-08-06 21:22:38,218 [INFO] Rule:233 - rule 117617 - U5Cobra4M][GTZC] default value MPCBB3 and MPCBB5 - Privileged memory - MPCBB4 is applicable
2026-08-06 21:22:38,218 [INFO] Rule:233 - rule Rename SubGHz_Phy SUBGHZ_APPLICATION SUBGHZ_PINGPONG to SUBGHZ_ADV_APPLICATION is applicable
2026-08-06 21:22:38,218 [INFO] Rule:233 - rule Rename Enabled to IBEACON is applicable
2026-08-06 21:22:38,218 [INFO] Rule:233 - rule GTZC_S instance for project manager is applicable
2026-08-06 21:22:38,218 [INFO] Rule:233 - rule GTZC_S instance for context M33S is applicable
2026-08-06 21:22:38,218 [INFO] Rule:233 - rule GTZC_S instance value for IP GTZC is applicable
2026-08-06 21:22:38,218 [INFO] Rule:233 - rule GTZC_S instance for mcu.IP is applicable
2026-08-06 21:22:38,218 [INFO] Rule:233 - rule GTZC_S instance for VP is applicable
2026-08-06 21:22:38,219 [INFO] Rule:233 - rule GTZC_S instance for signal is applicable
2026-08-06 21:22:38,219 [INFO] Rule:233 - rule GTZC_S instance for mcu.Pin is applicable
2026-08-06 21:22:38,219 [INFO] Rule:233 - rule GTZC_S instance for VP is applicable
2026-08-06 21:22:38,219 [INFO] Rule:233 - rule GTZC_S instance for signal is applicable
2026-08-06 21:22:38,219 [INFO] Rule:233 - rule GTZC_S instance for mcu is applicable
2026-08-06 21:22:38,219 [INFO] Rule:233 - rule GTZC_S instance for mcu.Pin is applicable
2026-08-06 21:22:38,219 [INFO] Rule:233 - rule GTZC_S instance value for IP GTZC is applicable
2026-08-06 21:22:38,219 [INFO] Rule:233 - rule GTZC_S instance for project manager is applicable
2026-08-06 21:22:38,219 [INFO] Rule:233 - rule GTZC_S instance for context M33S is applicable
2026-08-06 21:22:38,219 [INFO] Rule:233 - rule GTZC_S instance for VP is applicable
2026-08-06 21:22:38,219 [INFO] Rule:233 - rule GTZC_S instance for signal is applicable
2026-08-06 21:22:38,219 [INFO] Rule:233 - rule SPDIFRX instance for mcu is applicable
2026-08-06 21:22:38,220 [INFO] Rule:233 - rule Rename Tracer Mode is applicable
2026-08-06 21:22:38,220 [INFO] Rule:233 - rule SPDIFRX instance value for IP SPDIFRX is applicable
2026-08-06 21:22:38,220 [INFO] Rule:233 - rule SPDIFRX instance for signal is applicable
2026-08-06 21:22:38,220 [INFO] Rule:233 - rule SPDIFRX instance for project manager is applicable
2026-08-06 21:22:38,220 [INFO] Rule:233 - rule SPDIFRX instance for project manager is applicable
2026-08-06 21:22:38,220 [INFO] Rule:233 - rule ADC Scan  fix with FW F7 is applicable
2026-08-06 21:22:38,220 [INFO] Rule:233 - rule ADC Scan  fix with FW F7 is applicable
2026-08-06 21:22:38,220 [INFO] Rule:233 - rule DFSDM instance value for IP DFSDM is applicable
2026-08-06 21:22:38,220 [INFO] Rule:233 - rule DFSDM instance for mcu is applicable
2026-08-06 21:22:38,220 [INFO] Rule:233 - rule DFSDM instance for VP is applicable
2026-08-06 21:22:38,220 [INFO] Rule:233 - rule DFSDM instance for signal is applicable
2026-08-06 21:22:38,220 [INFO] Rule:233 - rule DFSDM instance for shared is applicable
2026-08-06 21:22:38,221 [INFO] Rule:233 - rule BreakInputSource parameter for IP Timer is applicable
2026-08-06 21:22:38,221 [INFO] Rule:233 - rule Sourcebreak parameter for IP Timer is applicable
2026-08-06 21:22:38,221 [INFO] Rule:233 - rule Sourcebreak parameter for IP Timer is applicable
2026-08-06 21:22:38,221 [INFO] Rule:233 - rule DFSDM for PCC is applicable
2026-08-06 21:22:38,221 [INFO] Rule:233 - rule Serial_Wire Mode is applicable
2026-08-06 21:22:38,222 [INFO] Rule:233 - rule JTAG_4_pins Mode is applicable
2026-08-06 21:22:38,222 [INFO] Rule:233 - rule JTAG_5_pins Mode is applicable
2026-08-06 21:22:38,222 [INFO] Rule:233 - rule Trace_Asynchronous_SW Mode is applicable
2026-08-06 21:22:38,222 [INFO] Rule:233 - rule Trace_Synchro_1bit_JTAG Mode is applicable
2026-08-06 21:22:38,222 [INFO] Rule:233 - rule Trace_Synchro_2bits_JTAG Mode is applicable
2026-08-06 21:22:38,223 [INFO] Rule:233 - rule Trace_Synchro_4bits_JTAG Mode is applicable
2026-08-06 21:22:38,223 [INFO] Rule:233 - rule Trace_Synchro_1bit_SW Mode is applicable
2026-08-06 21:22:38,223 [INFO] Rule:233 - rule Trace_Synchro_2bits_SW Mode is applicable
2026-08-06 21:22:38,223 [INFO] Rule:233 - rule Trace_Synchro_4bits_SW Mode is applicable
2026-08-06 21:22:38,223 [INFO] Rule:233 - rule SYS_WakeUp0 Mode is applicable
2026-08-06 21:22:38,223 [INFO] Rule:233 - rule SYS_WakeUp0 Mode for STM32F446 is applicable
2026-08-06 21:22:38,224 [INFO] Rule:233 - rule SYS_WakeUp1 Mode is applicable
2026-08-06 21:22:38,224 [INFO] Rule:233 - rule SYS_WakeUp1 Mode for STM32F446 is applicable
2026-08-06 21:22:38,224 [INFO] Rule:233 - rule SYS_WakeUp2 Mode is applicable
2026-08-06 21:22:38,224 [INFO] Rule:233 - rule SYS_WakeUp3 Mode is applicable
2026-08-06 21:22:38,224 [INFO] Rule:233 - rule SYS_WakeUp4 Mode is applicable
2026-08-06 21:22:38,224 [INFO] Rule:233 - rule SYS_WakeUp5 Mode is applicable
2026-08-06 21:22:38,224 [INFO] Rule:233 - rule SYS_WakeUp6 Mode is applicable
2026-08-06 21:22:38,225 [INFO] Rule:233 - rule SYS_WakeUp7 Mode is applicable
2026-08-06 21:22:38,225 [INFO] Rule:233 - rule WakeUp0 Mode is applicable
2026-08-06 21:22:38,225 [INFO] Rule:233 - rule WakeUp0 SIGNAL is applicable
2026-08-06 21:22:38,225 [INFO] Rule:233 - rule WakeUp1 Mode is applicable
2026-08-06 21:22:38,225 [INFO] Rule:233 - rule WakeUp1 SIGNAL is applicable
2026-08-06 21:22:38,226 [INFO] Rule:233 - rule WakeUp2 Mode is applicable
2026-08-06 21:22:38,226 [INFO] Rule:233 - rule WakeUp2 SIGNAL is applicable
2026-08-06 21:22:38,227 [INFO] Rule:233 - rule WakeUp4 Mode is applicable
2026-08-06 21:22:38,227 [INFO] Rule:233 - rule WakeUp4 SIGNAL is applicable
2026-08-06 21:22:38,227 [INFO] Rule:233 - rule WakeUp5 Mode is applicable
2026-08-06 21:22:38,227 [INFO] Rule:233 - rule WakeUp5 SIGNAL is applicable
2026-08-06 21:22:38,227 [INFO] Rule:233 - rule Mode_PVD_Ext is applicable
2026-08-06 21:22:38,227 [INFO] Rule:233 - rule Mode_PVD_Int is applicable
2026-08-06 21:22:38,227 [INFO] Rule:233 - rule Add RTC Activate Clock Source is applicable
2026-08-06 21:22:38,228 [INFO] Rule:233 - rule Add RTC Activate Calendar 1 is applicable
2026-08-06 21:22:38,228 [INFO] Rule:233 - rule Add RTC Activate Calendar 2 is applicable
2026-08-06 21:22:38,228 [INFO] Rule:233 - rule Add RTC Activate Calendar 3 is applicable
2026-08-06 21:22:38,228 [INFO] Rule:233 - rule UART/USART TX Mode is applicable
2026-08-06 21:22:38,228 [INFO] Rule:233 - rule UART/USART RX Mode is applicable
2026-08-06 21:22:38,228 [INFO] Rule:233 - rule UART/USART RX TX Mode is applicable
2026-08-06 21:22:38,229 [INFO] Rule:233 - rule UART/USART PARITY NONE is applicable
2026-08-06 21:22:38,229 [INFO] Rule:233 - rule UART/USART PARITY EVEN is applicable
2026-08-06 21:22:38,229 [INFO] Rule:233 - rule UART/USART PARITY ODD is applicable
2026-08-06 21:22:38,229 [INFO] Rule:233 - rule USART StopBits 1 is applicable
2026-08-06 21:22:38,229 [INFO] Rule:233 - rule USART StopBits 2 is applicable
2026-08-06 21:22:38,229 [INFO] Rule:233 - rule USART StopBits 1.5 is applicable
2026-08-06 21:22:38,229 [INFO] Rule:233 - rule USART StopBits 0.5 is applicable
2026-08-06 21:22:38,230 [INFO] Rule:233 - rule UART/USART WORD LENGTH 7 is applicable
2026-08-06 21:22:38,230 [INFO] Rule:233 - rule UART/USART WORD LENGTH 8 is applicable
2026-08-06 21:22:38,230 [INFO] Rule:233 - rule UART/USART WORD LENGTH 9 is applicable
2026-08-06 21:22:38,230 [INFO] Rule:233 - rule Rename FMC NAND NCE signal is applicable
2026-08-06 21:22:38,230 [INFO] Rule:233 - rule Rename FMC NAND INT signal is applicable
2026-08-06 21:22:38,230 [INFO] Rule:233 - rule Change Default Value for LSE Drive Capability for WB family is applicable
2026-08-06 21:22:38,230 [INFO] Rule:233 - rule Change Default Value for ADC Clock Prescaler G0 family is applicable
2026-08-06 21:22:38,231 [INFO] Rule:233 - rule Change Default Value for ADC ExternalTrigConv L4 family is applicable
2026-08-06 21:22:38,231 [INFO] Rule:233 - rule Change Default Value for ADC ExternalTrigInjecConv L4 family is applicable
2026-08-06 21:22:38,231 [INFO] Rule:233 - rule Change Default Value for ADC ExternalTrigConv F3 family is applicable
2026-08-06 21:22:38,231 [INFO] Rule:233 - rule Change Default Value for ADC ExternalTrigInjecConv F3 family is applicable
2026-08-06 21:22:38,231 [INFO] Rule:233 - rule Change Default Value for ADC ExternalTrigConv Goldfish serie is applicable
2026-08-06 21:22:38,231 [INFO] Rule:233 - rule Change Default Value for ADC ExternalTrigInjecConv Goldfish serie is applicable
2026-08-06 21:22:38,231 [INFO] Rule:233 - rule Change Default Value for ADC ExternalTrigConv L0 family is applicable
2026-08-06 21:22:38,232 [INFO] Rule:233 - rule Change Default Value for ADC ExternalTrigConv F0 family is applicable
2026-08-06 21:22:38,232 [INFO] Rule:233 - rule Change Default Value for ADC ExternalTrigConvn L1 family is applicable
2026-08-06 21:22:38,232 [INFO] Rule:233 - rule Change Default Value for ADC ExternalTrigInjecConv L1 family is applicable
2026-08-06 21:22:38,232 [INFO] Rule:233 - rule Change Default Value for ADC ExternalTrigConv F1 family is applicable
2026-08-06 21:22:38,232 [INFO] Rule:233 - rule Change Default Value for ADC ExternalTrigInjecConv F1 family is applicable
2026-08-06 21:22:38,232 [INFO] Rule:233 - rule Change Default Value for ADC ExternalTrigConv F7 family is applicable
2026-08-06 21:22:38,233 [INFO] Rule:233 - rule Change Default Value for ADC ExternalTrigInjecConv F7 family is applicable
2026-08-06 21:22:38,233 [INFO] Rule:233 - rule Change Default Value for ADC ExternalTrigConv F4 and F2 family is applicable
2026-08-06 21:22:38,233 [INFO] Rule:233 - rule Change Default Value for ADC ExternalTrigInjecConv F4 and F2 family is applicable
2026-08-06 21:22:38,233 [INFO] Rule:233 - rule ADC SamplingTime fix with FW L0  is applicable
2026-08-06 21:22:38,233 [INFO] Rule:233 - rule ADC SamplingTime fix with FW L0  is applicable
2026-08-06 21:22:38,233 [INFO] Rule:233 - rule ADC SamplingTime fix with FW L0 is applicable
2026-08-06 21:22:38,233 [INFO] Rule:233 - rule ADC SamplingTime fix with FW L0 is applicable
2026-08-06 21:22:38,233 [INFO] Rule:233 - rule ADC SamplingTime fix with FW L0  is applicable
2026-08-06 21:22:38,234 [INFO] Rule:233 - rule ADC SamplingTime fix with FW L0 is applicable
2026-08-06 21:22:38,234 [INFO] Rule:233 - rule Rename USB_OE Signal is applicable
2026-08-06 21:22:38,234 [INFO] Rule:233 - rule Rename Activate_OE Mode is applicable
2026-08-06 21:22:38,234 [INFO] Rule:233 - rule Rename DIE462/DIE415 pin PC14/OSC32_IN -> PC14-OSC32_IN (PC14) is applicable
2026-08-06 21:22:38,234 [INFO] Rule:233 - rule Rename DIE462/DIE415 pin PC15/OSC32_OUT -> PC15-OSC32_OUT (PC15) is applicable
2026-08-06 21:22:38,234 [INFO] Rule:233 - rule Rename DIE462/DIE415 pin PH0/OSC_IN -> PH0-OSC_IN (PH0) is applicable
2026-08-06 21:22:38,234 [INFO] Rule:233 - rule Rename DIE462/DIE415 pin PH1/OSC_OUT -> PH1-OSC_OUT (PH1) is applicable
2026-08-06 21:22:38,234 [INFO] Rule:233 - rule Rename DIE462 pin PA13 -> PA13 (JTMS/SWDIO) is applicable
2026-08-06 21:22:38,234 [INFO] Rule:233 - rule Rename DIE415 pin PA13 -> PA13 (JTMS/SWDIO) is applicable
2026-08-06 21:22:38,234 [INFO] Rule:233 - rule Rename DIE462 pin PA14 -> PA14 (JTCK/SWCLK) is applicable
2026-08-06 21:22:38,234 [INFO] Rule:233 - rule Rename DIE415 pin PA14 -> PA14 (JTCK/SWCLK) is applicable
2026-08-06 21:22:38,235 [INFO] Rule:233 - rule Rename DIE462/DIE415 pin PA15 -> PA15 (JTDI) is applicable
2026-08-06 21:22:38,235 [INFO] Rule:233 - rule Rename DIE462 pin PB3 -> PB3 (JTD0/TRACESWO) is applicable
2026-08-06 21:22:38,235 [INFO] Rule:233 - rule Rename DIE415 pin PB3 -> PB3 (JTD0-TRACESWO) is applicable
2026-08-06 21:22:38,235 [INFO] Rule:233 - rule Rename DIE462/DIE415 pin PB4 -> PB4 (NJTRST) is applicable
2026-08-06 21:22:38,235 [INFO] Rule:233 - rule Rename DIE462 pin PH3/BOOT0 -> PH3-BOOT0 (BOOT0) is applicable
2026-08-06 21:22:38,235 [INFO] Rule:233 - rule Rename CRYP DataEncryptionTypesList to Algorithm is applicable
2026-08-06 21:22:38,235 [INFO] Rule:233 - rule Rename AES DataEncryptionTypesList to Algorithm is applicable
2026-08-06 21:22:38,235 [INFO] Rule:233 - rule Rename TDESECB to CRYP_TDES_ECB is applicable
2026-08-06 21:22:38,235 [INFO] Rule:233 - rule Rename TDESCBC to CRYP_TDES_CBC is applicable
2026-08-06 21:22:38,235 [INFO] Rule:233 - rule Rename DESECB to CRYP_DES_ECB is applicable
2026-08-06 21:22:38,235 [INFO] Rule:233 - rule Rename DESCBC to CRYP_DES_CBC is applicable
2026-08-06 21:22:38,235 [INFO] Rule:233 - rule Rename AESECB to CRYP_AES_ECB is applicable
2026-08-06 21:22:38,235 [INFO] Rule:233 - rule Rename AESCBC to CRYP_AES_CBC is applicable
2026-08-06 21:22:38,236 [INFO] Rule:233 - rule Rename AESCTR to CRYP_AES_CTR is applicable
2026-08-06 21:22:38,236 [INFO] Rule:233 - rule Rename AESGCM to CRYP_AES_GCM is applicable
2026-08-06 21:22:38,236 [INFO] Rule:233 - rule Rename AESCCM to CRYP_AES_CCM is applicable
2026-08-06 21:22:38,236 [INFO] Rule:233 - rule Rename CAN TimeSeg1 to BS1 is applicable
2026-08-06 21:22:38,236 [INFO] Rule:233 - rule Rename CAN TimeSeg2 to BS2 is applicable
2026-08-06 21:22:38,236 [INFO] Rule:233 - rule Rename CAN SyncJumpWidth to SJW is applicable
2026-08-06 21:22:38,236 [INFO] Rule:233 - rule TimeTriggeredMode to TTCM is applicable
2026-08-06 21:22:38,236 [INFO] Rule:233 - rule Rename CAN AutoBusOff to ABOM is applicable
2026-08-06 21:22:38,236 [INFO] Rule:233 - rule Rename CAN AutoWakeUp to AWUM is applicable
2026-08-06 21:22:38,236 [INFO] Rule:233 - rule Rename CAN AutoRetransmission to NART is applicable
2026-08-06 21:22:38,236 [INFO] Rule:233 - rule Rename CAN ReceiveFifoLocked to RFLM is applicable
2026-08-06 21:22:38,236 [INFO] Rule:233 - rule Rename CAN TransmitFifoPriority to TXFP is applicable
2026-08-06 21:22:38,237 [INFO] Rule:233 - rule Rename HRTIMER HRTIM_OUTPUTFAULTLEVEL_HIGH in HRTIMER HRTIM_OUTPUTFAULTLEVEL_HIGHZ is applicable
2026-08-06 21:22:38,237 [INFO] Rule:233 - rule Rename TIMER TIM_CLEARINPUTSOURCE_OCREFCLR in  TIMER TIM_CLEARINPUTSOURCE_NONE for F7 family is applicable
2026-08-06 21:22:38,237 [INFO] Rule:233 - rule FDCAN_R1 - Rename FDCAN mode Master into Classic is applicable
2026-08-06 21:22:38,237 [INFO] Rule:233 - rule FDCAN_R2 - Rename FDCAN mode Slave into Classic is applicable
2026-08-06 21:22:38,237 [INFO] Rule:233 - rule FDCAN1_R3 - if PA10.Mode=FullDuplex, add Pin PA12 is applicable
2026-08-06 21:22:38,237 [INFO] Rule:233 - rule FDCAN1_R3 - if PA9.Mode=FullDuplex, add Pin PA11 is applicable
2026-08-06 21:22:38,237 [INFO] Rule:233 - rule FDCAN1_R3 - Alternatepin_1 - if PE1.Mode=FullDuplex, add Pin PB9 is applicable
2026-08-06 21:22:38,237 [INFO] Rule:233 - rule FDCAN1_R3 - Alternatepin_1 - if PE0.Mode=FullDuplex, add Pin PB8 is applicable
2026-08-06 21:22:38,237 [INFO] Rule:233 - rule FDCAN1_R3 - Alternatepin_2 - if PD5.Mode=FullDuplex, add Pin PD1 is applicable
2026-08-06 21:22:38,237 [INFO] Rule:233 - rule FDCAN1_R3 - Alternatepin_2 - if PD4.Mode=FullDuplex, add Pin PD0 is applicable
2026-08-06 21:22:38,237 [INFO] Rule:233 - rule FDCAN1_R4 - Rename Mode FullDuplex into Enable FDCAN_TXFD for pin PA10 is applicable
2026-08-06 21:22:38,237 [INFO] Rule:233 - rule FDCAN1_R4 - Rename Mode FullDuplex into Enable FDCAN_TXFD for pin PA9 is applicable
2026-08-06 21:22:38,237 [INFO] Rule:233 - rule FDCAN1_R4 - Alternatepin_1 - Rename Mode FullDuplex into Enable FDCAN_TXFD for pin PE1 is applicable
2026-08-06 21:22:38,237 [INFO] Rule:233 - rule FDCAN1_R4 - Alternatepin_1 - Rename Mode FullDuplex into Enable FDCAN_TXFD for pin PE0 is applicable
2026-08-06 21:22:38,237 [INFO] Rule:233 - rule FDCAN1_R4 - Alternatepin_2 - Rename Mode FullDuplex into Enable FDCAN_TXFD for pin PD5 is applicable
2026-08-06 21:22:38,237 [INFO] Rule:233 - rule FDCAN1_R4 - Alternatepin_2 - Rename Mode FullDuplex into Enable FDCAN_TXFD for pin PD4 is applicable
2026-08-06 21:22:38,238 [INFO] Rule:233 - rule FDCAN2_R3 - if PD10.Mode=FullDuplex, add Pin PB13 is applicable
2026-08-06 21:22:38,238 [INFO] Rule:233 - rule FDCAN2_R3 - if PD9.Mode=FullDuplex, add Pin PB12 is applicable
2026-08-06 21:22:38,238 [INFO] Rule:233 - rule FDCAN2_R3 - Alternatepin_1 - if PB7.Mode=FullDuplex, add Pin PB6 is applicable
2026-08-06 21:22:38,238 [INFO] Rule:233 - rule FDCAN2_R3 - Alternatepin_1 - if PD9.Mode=FullDuplex, add Pin PB12 is applicable
2026-08-06 21:22:38,238 [INFO] Rule:233 - rule FDCAN2_R4 - Rename Mode FullDuplex into Enable FDCAN_TXFD for pin PD10 is applicable
2026-08-06 21:22:38,238 [INFO] Rule:233 - rule FDCAN2_R4 - Rename Mode FullDuplex into Enable FDCAN_TXFD for pin PD9 is applicable
2026-08-06 21:22:38,239 [INFO] Rule:233 - rule FDCAN2_R4 - Alternatepin_1 - Rename Mode FullDuplex into Enable FDCAN_TXFD for pin PB7 is applicable
2026-08-06 21:22:38,239 [INFO] Rule:233 - rule FDCAN2_R4 - Alternatepin_1 - Rename Mode FullDuplex into Enable FDCAN_TXFD for pin PD6 is applicable
2026-08-06 21:22:38,239 [INFO] Rule:233 - rule USART TxPinLevelInvertParam Mode is applicable
2026-08-06 21:22:38,239 [INFO] Rule:233 - rule USART RxPinLevelInvertParam Mode is applicable
2026-08-06 21:22:38,239 [INFO] Rule:233 - rule USART DataInvertParam Mode is applicable
2026-08-06 21:22:38,239 [INFO] Rule:233 - rule USART SwapParam Mode is applicable
2026-08-06 21:22:38,240 [INFO] Rule:233 - rule USART OverrunDisableParam Mode is applicable
2026-08-06 21:22:38,240 [INFO] Rule:233 - rule USART DMADisableonRxErrorParam Mode is applicable
2026-08-06 21:22:38,240 [INFO] Rule:233 - rule USART MSBFirstParam Mode is applicable
2026-08-06 21:22:38,240 [INFO] Rule:233 - rule Update MwName for USB_DEVICE is applicable
2026-08-06 21:22:38,240 [INFO] Rule:233 - rule Change PWR_Regulator_Voltage_Scale Default Value for RCC  H7 family is applicable
2026-08-06 21:22:38,240 [INFO] Rule:233 - rule UART/USART IPParameter rename Prescaler parameter to ClockPrescaler is applicable
2026-08-06 21:22:38,240 [INFO] Rule:233 - rule UART/USART Prescaler rename Prescaler parameter to ClockPrescaler is applicable
2026-08-06 21:22:38,241 [INFO] Rule:233 - rule TIM1CLockSelection is applicable
2026-08-06 21:22:38,241 [INFO] Rule:233 - rule TIM15CLockSelection is applicable
2026-08-06 21:22:38,241 [INFO] Rule:233 - rule align RCC SDMMC3CLockSelection default value on MP1 is applicable
2026-08-06 21:22:38,241 [INFO] Rule:233 - rule align RCC SDMMC12CLockSelection default value on MP1 is applicable
2026-08-06 21:22:38,241 [INFO] Rule:233 - rule align RCC QSPICLockSelection default value on MP1 is applicable
2026-08-06 21:22:38,241 [INFO] Rule:233 - rule align RCC QSPICLockSelection default value on MP1 is applicable
2026-08-06 21:22:38,241 [INFO] Rule:233 - rule align RCC SPI6CLockSelection default value on MP1 is applicable
2026-08-06 21:22:38,242 [INFO] Rule:233 - rule align RCC LPTIM23CLockSelection default value on MP1 is applicable
2026-08-06 21:22:38,242 [INFO] Rule:233 - rule align RCC LPTIM1CLockSelection default value on MP1 is applicable
2026-08-06 21:22:38,242 [INFO] Rule:233 - rule align RCC USART1CLockSelection default value on MP1 is applicable
2026-08-06 21:22:38,242 [INFO] Rule:233 - rule align RCC USART24CLockSelection default value on MP1 is applicable
2026-08-06 21:22:38,242 [INFO] Rule:233 - rule align RCC USART6CLockSelection default value on MP1 is applicable
2026-08-06 21:22:38,242 [INFO] Rule:233 - rule align RCC UART78CLockSelection default value on MP1 is applicable
2026-08-06 21:22:38,242 [INFO] Rule:233 - rule align RCC USART35CLockSelection default value on MP1 is applicable
2026-08-06 21:22:38,243 [INFO] Rule:233 - rule align RCC SPI45CLockSelection default value on MP1 is applicable
2026-08-06 21:22:38,243 [INFO] Rule:233 - rule align RCC I2C46CLockSelection BCLK value on MP1 is applicable
2026-08-06 21:22:38,243 [INFO] Rule:233 - rule align RCC SPI45CLockSelection default value on MP1 is applicable
2026-08-06 21:22:38,243 [INFO] Rule:233 - rule align RCC I2C12CLockSelection default value on MP1 is applicable
2026-08-06 21:22:38,243 [INFO] Rule:233 - rule align RCC I2C35CLockSelection default value on MP1 is applicable
2026-08-06 21:22:38,243 [INFO] Rule:233 - rule align RCC LPTIM45CLockSelection default value on MP1 is applicable
2026-08-06 21:22:38,243 [INFO] Rule:233 - rule Rename DCMI PIXCK signal is applicable
2026-08-06 21:22:38,243 [INFO] Rule:233 - rule Change Default Value for I2C46CLockSelection MP1 family is applicable
2026-08-06 21:22:38,244 [INFO] Rule:233 - rule Change Default Value for UART for G4, G0 and WB families is applicable
2026-08-06 21:22:38,244 [INFO] Rule:233 - rule Change Default Value for USART for G4, G0 and WB families is applicable
2026-08-06 21:22:38,244 [INFO] Rule:233 - rule Change Default Value for USART for G4 family is applicable
2026-08-06 21:22:38,244 [INFO] Rule:233 - rule Change USART1CLockSelection refparam name for MP1 is applicable
2026-08-06 21:22:38,244 [INFO] Rule:233 - rule Change USART2CLockSelection refparam name for MP1 is applicable
2026-08-06 21:22:38,244 [INFO] Rule:233 - rule Change USART3CLockSelection refparam name for MP1 is applicable
2026-08-06 21:22:38,244 [INFO] Rule:233 - rule Change UART4CLockSelection refparam name for MP1 is applicable
2026-08-06 21:22:38,245 [INFO] Rule:233 - rule Change UART5CLockSelection refparam name for MP1 is applicable
2026-08-06 21:22:38,245 [INFO] Rule:233 - rule Change LPUART1CLockSelection refparam name for MP1 is applicable
2026-08-06 21:22:38,245 [INFO] Rule:233 - rule Change LPTIM1CLockSelection refparam name for MP1 is applicable
2026-08-06 21:22:38,245 [INFO] Rule:233 - rule Change LPTIM2CLockSelection refparam name for MP1 is applicable
2026-08-06 21:22:38,245 [INFO] Rule:233 - rule Change RCC_MCO1Source refparam name for MP1 is applicable
2026-08-06 21:22:38,245 [INFO] Rule:233 - rule Change LSCOSource1 refparam name for MP1 is applicable
2026-08-06 21:22:38,246 [INFO] Rule:233 - rule Change SMPSCLockSelection refparam name for MP1 is applicable
2026-08-06 21:22:38,246 [INFO] Rule:233 - rule Change LPTIM3CLockSelection refparam name for MP1 is applicable
2026-08-06 21:22:38,246 [INFO] Rule:233 - rule Change MPCBB* Default Template Mode to Parameters is applicable
2026-08-06 21:22:38,246 [INFO] Rule:233 - rule Change MPCWM* or MPCBB* Secure Mode to Parameters is applicable
2026-08-06 21:22:38,246 [INFO] Rule:233 - rule Change MPCWM* or MPCBB* No Secure Mode to Parameters is applicable
2026-08-06 21:22:38,247 [INFO] Rule:233 - rule Change TZSC IP Secure Mode to Parameters is applicable
2026-08-06 21:22:38,247 [INFO] Rule:233 - rule Change TZSC IP No Secure Mode to Parameters is applicable
2026-08-06 21:22:38,247 [INFO] Rule:233 - rule Change TZSC IP Privilege Mode to Parameters is applicable
2026-08-06 21:22:38,247 [INFO] Rule:233 - rule Change TZSC IP No Privilege Mode to Parameters is applicable
2026-08-06 21:22:38,247 [INFO] Rule:233 - rule Change TZIC IT Secure Mode to Parameters is applicable
2026-08-06 21:22:38,247 [INFO] Rule:233 - rule Change TZIC IT No Secure Mode to Parameters is applicable
2026-08-06 21:22:38,247 [INFO] Rule:233 - rule Add MPCBB1_NonSecureArea_Start_Address value with referenced to MPCBB1_NonSecureArea_Start value is applicable
2026-08-06 21:22:38,247 [INFO] Rule:233 - rule Add MPCBB2_NonSecureArea_Start_Address value with referenced to MPCBB2_NonSecureArea_Start value is applicable
2026-08-06 21:22:38,248 [INFO] Rule:233 - rule Add MPCWM1_NonSecureArea*_Start_Address value with referenced to MPCWM1_NonSecureArea*_Start value is applicable
2026-08-06 21:22:38,248 [INFO] Rule:233 - rule Add MPCWM2_NonSecureArea*_Start_Address value with referenced to MPCWM2_NonSecureArea*_Start value is applicable
2026-08-06 21:22:38,248 [INFO] Rule:233 - rule Add MPCWM3_NonSecureArea_Start_Address value with referenced to MPCWM3_NonSecureArea_Start value is applicable
2026-08-06 21:22:38,248 [INFO] Rule:233 - rule Change Default Value for PLL1UserDefinedConfig is applicable
2026-08-06 21:22:38,248 [INFO] Rule:233 - rule Change GPIO_PuPd Default Value for USART in async mode is applicable
2026-08-06 21:22:38,248 [INFO] Rule:233 - rule Change SMPSDivider Default Value is applicable
2026-08-06 21:22:38,248 [INFO] Rule:233 - rule OPAMP is applicable
2026-08-06 21:22:38,249 [INFO] Rule:233 - rule LPUART IPParameter rename Prescaler parameter to ClockPrescaler for STM32H7 is applicable
2026-08-06 21:22:38,249 [INFO] Rule:233 - rule LPUART IPParameter rename Prescaler parameter to ClockPrescaler for STM32H7 is applicable
2026-08-06 21:22:38,249 [INFO] Rule:233 - rule LPUART IPParameter rename Prescaler parameter to ClockPrescaler for STM32WB is applicable
2026-08-06 21:22:38,249 [INFO] Rule:233 - rule LPUART IPParameter rename Prescaler parameter to ClockPrescaler for STM32WB is applicable
2026-08-06 21:22:38,249 [INFO] Rule:233 - rule LPUART IPParameter rename Prescaler parameter to ClockPrescaler for STM32G4 is applicable
2026-08-06 21:22:38,249 [INFO] Rule:233 - rule LPUART IPParameter rename Prescaler parameter to ClockPrescaler for STM32G4 is applicable
2026-08-06 21:22:38,249 [INFO] Rule:233 - rule LPUART IPParameter rename Prescaler parameter to ClockPrescaler for STM32L5 is applicable
2026-08-06 21:22:38,250 [INFO] Rule:233 - rule LPUART IPParameter rename Prescaler parameter to ClockPrescaler for STM32L5 is applicable
2026-08-06 21:22:38,250 [INFO] Rule:233 - rule LPUART IPParameter rename Prescaler parameter to ClockPrescaler for STM32G4 is applicable
2026-08-06 21:22:38,250 [INFO] Rule:233 - rule LPUART IPParameter rename Prescaler parameter to ClockPrescaler for STM32G4 is applicable
2026-08-06 21:22:38,250 [INFO] Rule:233 - rule USB device lib V2.5.3 for L0 rename USBD_SUPPORT_USER_STRING parameter to USBD_SUPPORT_USER_STRING_DESC4 is applicable
2026-08-06 21:22:38,250 [INFO] Rule:233 - rule I2SCLockSelection clock entry align is applicable
2026-08-06 21:22:38,250 [INFO] Rule:233 - rule Assign TIMx context if used as SYS timebase is applicable
2026-08-06 21:22:38,250 [INFO] Rule:233 - rule Change GPIO_Pu Default Value for I2C is applicable
2026-08-06 21:22:38,250 [INFO] Rule:233 - rule Change GPIO_Pu Default Value for SMBus is applicable
2026-08-06 21:22:38,250 [INFO] Rule:233 - rule change FDCAN default value is applicable
2026-08-06 21:22:38,251 [INFO] Rule:233 - rule Change mode sai is applicable
2026-08-06 21:22:38,251 [INFO] Rule:233 - rule **Change sai mode is applicable
2026-08-06 21:22:38,251 [INFO] Rule:233 - rule Rename STM32WPAN CFG_BLE_IRK to CFG_BLE_IR is applicable
2026-08-06 21:22:38,251 [INFO] Rule:233 - rule Rename STM32WPAN CFG_BLE_ERK to CFG_BLE_ER is applicable
2026-08-06 21:22:38,251 [INFO] Rule:233 - rule Rename STM32WPAN CFG_BLE_IRK_HEX to CFG_BLE_IR_HEX is applicable
2026-08-06 21:22:38,251 [INFO] Rule:233 - rule Rename STM32WPAN CFG_BLE_ERK_HEX to CFG_BLE_ER_HEX is applicable
2026-08-06 21:22:38,251 [INFO] Rule:233 - rule Adapt Old IOC before rework replace old CORTEX_M33/CORTEX_M55 attributes by the new one. is applicable
2026-08-06 21:22:38,251 [INFO] Rule:233 - rule Rename parametre of RCC RCC_APBDBG_DIV2 to RCC_TIMPRES_DIV2 is applicable
2026-08-06 21:22:38,251 [INFO] Rule:233 - rule Rename DIE493 pin PA10 [PA12] -> PA10 is applicable
2026-08-06 21:22:38,252 [INFO] Rule:233 - rule Rename DIE493 pin PA9 [PA11] -> PA9 is applicable
2026-08-06 21:22:38,252 [INFO] Rule:233 - rule Rename DIE492 PartNumber CPN STM32WBA5MJGHx -> STM32WBA5MMGHx is applicable
2026-08-06 21:22:38,252 [INFO] Rule:233 - rule Rename DIE492 PartNumber  Name STM32WBA5MJGHx -> STM32WBA5MMGHx is applicable
2026-08-06 21:22:38,252 [INFO] Rule:233 - rule Rename DIE492 PartNumber UserName STM32WBA5MJGHx -> STM32WBA5MMGHx is applicable
2026-08-06 21:22:38,252 [INFO] Rule:233 - rule Rename DIE492 PartNumber DeviceId STM32WBA5MJGHx -> STM32WBA5MMGHx is applicable
2026-08-06 21:22:38,252 [INFO] Rule:233 - rule Adapt Old IOC CSI. is applicable
2026-08-06 21:22:38,252 [INFO] Rule:233 - rule Adapt Old IOC DCMIPP. is applicable
2026-08-06 21:22:38,252 [INFO] Rule:233 - rule Adapt Old IOC DCMIPP Mode Parallel. is applicable
2026-08-06 21:22:38,253 [INFO] Rule:233 - rule Adapt Old IOC LTDC. is applicable
2026-08-06 21:22:38,253 [INFO] Rule:233 - rule Rename STM32MP2 RIF Peripheral LTDC RIF.RISUP.LTDC_L0L1.Privilege -> RIF.RISUP.LTDC_L1L2.Privilege is applicable
2026-08-06 21:22:38,253 [INFO] Rule:233 - rule Rename STM32MP2 RIF Peripheral LTDC RIF.RISUP.LTDC_L0L1.Privilege -> RIF.RISUP.LTDC_L1L2.Privilege is applicable
2026-08-06 21:22:38,253 [INFO] Rule:233 - rule Rename STM32MP2 RIF Peripheral LTDC RIF.RISUP.LTDC_L0L1.Lock -> RIF.RISUP.LTDC_L1L2.Lock is applicable
2026-08-06 21:22:38,253 [INFO] Rule:233 - rule Rename STM32MP2 RIF Peripheral LTDC RIF.RISUP.LTDC_L2.Lock -> RIF.RISUP.LTDC_L3.Lock is applicable
2026-08-06 21:22:38,253 [INFO] Rule:233 - rule Adapt the old IOC example for updating the SYS when it is misconfigured. is applicable
2026-08-06 21:22:38,253 [INFO] Rule:233 - rule Rename STM32C09 Mcu.Package LQFP64 -> LQFP48 is applicable
2026-08-06 21:22:38,253 [INFO] Rule:233 - rule Adapt the old IOC example for updating the SYS when it is misconfigured. is applicable
2026-08-06 21:22:38,253 [INFO] Rule:233 - rule Adapt the old IOC example for updating the SYS when it is misconfigured. is applicable
2026-08-06 21:22:38,341 [INFO] DbConfProperties:307 - Apply Compatibility (82/313 Rules)
2026-08-06 21:22:40,038 [INFO] ImportTextPane:234 - (OptionalMessage_ERROR) Unable to find key (Mcu.ThirdPartyNb) in loaded IOC file
2026-08-06 21:22:40,045 [INFO] ImportTextPane:234 - (OptionalMessage_ERROR) Pin11 (VP_RIF_VS_RIF1) cannot be retrieved for this MCU
2026-08-06 21:22:40,226 [INFO] RtosManager:558 - Registered RTOS mode: class=CMSIS, group=RTOS, mode=CMSIS_V1, owner=FREERTOS
2026-08-06 21:22:40,227 [INFO] RtosManager:558 - Registered RTOS mode: class=CMSIS, group=RTOS2, mode=CMSIS_V2, owner=FREERTOS
2026-08-06 21:22:40,227 [INFO] RtosManager:558 - Registered RTOS mode: class=RTOS, group=Core, mode=CMSIS_V1, owner=FREERTOS
2026-08-06 21:22:40,227 [INFO] RtosManager:558 - Registered RTOS mode: class=RTOS, group=Core, mode=CMSIS_V2, owner=FREERTOS
2026-08-06 21:22:40,227 [WARN] ModelIntegratedComponent:184 - Missing modes for component STMicroelectronics:FreeRTOS:0.0.1:STMicroelectronics:RTOS:FreeRTOS:Core:::10.2.0:
2026-08-06 21:22:40,427 [WARN] ModelIntegratedComponent:63 - No mode defined for component null
2026-08-06 21:22:40,427 [WARN] ModelIntegratedComponent:63 - No mode defined for component null
2026-08-06 21:22:40,427 [WARN] ModelIntegratedComponent:63 - No mode defined for component null
2026-08-06 21:22:40,429 [WARN] ModelIntegratedComponent:63 - No mode defined for component null
2026-08-06 21:22:40,429 [WARN] ModelIntegratedComponent:63 - No mode defined for component null
2026-08-06 21:22:40,429 [WARN] ModelIntegratedComponent:63 - No mode defined for component null
2026-08-06 21:22:40,429 [WARN] ModelIntegratedComponent:63 - No mode defined for component null
2026-08-06 21:22:40,429 [WARN] ModelIntegratedComponent:63 - No mode defined for component null
2026-08-06 21:22:40,429 [WARN] ModelIntegratedComponent:63 - No mode defined for component null
2026-08-06 21:22:40,429 [WARN] ModelIntegratedComponent:63 - No mode defined for component null
2026-08-06 21:22:40,429 [WARN] ModelIntegratedComponent:63 - No mode defined for component null
2026-08-06 21:22:40,429 [WARN] ModelIntegratedComponent:63 - No mode defined for component null
2026-08-06 21:22:40,429 [WARN] ModelIntegratedComponent:63 - No mode defined for component null
2026-08-06 21:22:40,429 [WARN] ModelIntegratedComponent:63 - No mode defined for component null
2026-08-06 21:22:40,429 [WARN] ModelIntegratedComponent:63 - No mode defined for component null
2026-08-06 21:22:40,429 [WARN] ModelIntegratedComponent:63 - No mode defined for component null
2026-08-06 21:22:40,429 [WARN] ModelIntegratedComponent:63 - No mode defined for component null
2026-08-06 21:22:40,430 [WARN] ModelIntegratedComponent:63 - No mode defined for component null
2026-08-06 21:22:40,430 [WARN] ModelIntegratedComponent:63 - No mode defined for component null
2026-08-06 21:22:40,430 [WARN] ModelIntegratedComponent:63 - No mode defined for component null
2026-08-06 21:22:40,430 [WARN] ModelIntegratedComponent:63 - No mode defined for component null
2026-08-06 21:22:40,430 [WARN] ModelIntegratedComponent:63 - No mode defined for component null
2026-08-06 21:22:40,430 [WARN] ModelIntegratedComponent:63 - No mode defined for component null
2026-08-06 21:22:40,430 [WARN] ModelIntegratedComponent:63 - No mode defined for component null
2026-08-06 21:22:40,430 [WARN] ModelIntegratedComponent:63 - No mode defined for component null
2026-08-06 21:22:40,430 [WARN] ModelIntegratedComponent:63 - No mode defined for component null
2026-08-06 21:22:40,430 [WARN] ModelIntegratedComponent:63 - No mode defined for component null
2026-08-06 21:22:40,430 [WARN] ModelIntegratedComponent:63 - No mode defined for component null
2026-08-06 21:22:40,431 [WARN] ModelIntegratedComponent:63 - No mode defined for component null
2026-08-06 21:22:40,431 [WARN] ModelIntegratedComponent:63 - No mode defined for component null
2026-08-06 21:22:40,431 [WARN] ModelIntegratedComponent:63 - No mode defined for component null
2026-08-06 21:22:40,431 [WARN] ModelIntegratedComponent:63 - No mode defined for component null
2026-08-06 21:22:40,431 [WARN] ModelIntegratedComponent:63 - No mode defined for component null
2026-08-06 21:22:40,431 [WARN] ModelIntegratedComponent:63 - No mode defined for component null
2026-08-06 21:22:40,431 [WARN] ModelIntegratedComponent:63 - No mode defined for component null
2026-08-06 21:22:40,431 [WARN] ModelPack:524 - Component already loaded: STMicroelectronics:HAL Drivers:0.0.0:STMicroelectronics:Device:STMicro_Driver:XSPI:HAL::0.0.1:HAL_XSPI
2026-08-06 21:22:40,481 [INFO] ThirdPartyModel:298 - Start build external matchings
2026-08-06 21:22:41,502 [INFO] ThirdPartyModel:316 - End build external matchings
2026-08-06 21:22:41,960 [INFO] UtilMem:75 - End LoadConfig() Used Memory: 799295736 Bytes (1073741824)
2026-08-06 21:22:42,011 [WARN] ThirdParty:833 - waiting for thirdparty lock release [change project]
2026-08-06 21:22:42,011 [INFO] ThirdParty:835 - entering critical section [change project]
2026-08-06 21:22:42,012 [INFO] ThirdParty:1030 - CMSIS Pack Vendor :STMicroelectronics X-CUBE-AZRTOS-H7 3.5.0
2026-08-06 21:22:42,012 [INFO] ThirdParty:1030 - CMSIS Pack Vendor :STMicroelectronics X-CUBE-PM33A1 1.0.0
2026-08-06 21:22:42,012 [INFO] ThirdParty:1030 - CMSIS Pack Vendor :STMicroelectronics USBPD 4.1
2026-08-06 21:22:42,012 [INFO] ThirdParty:1030 - CMSIS Pack Vendor :STMicroelectronics X-CUBE-NFC9 1.0.0
2026-08-06 21:22:42,012 [INFO] ThirdParty:1030 - CMSIS Pack Vendor :STMicroelectronics USB_HOST 2.0.0
2026-08-06 21:22:42,012 [INFO] ThirdParty:1030 - CMSIS Pack Vendor :STMicroelectronics FP-ATR-ASTRA1 2.0.3
2026-08-06 21:22:42,013 [INFO] ThirdParty:1030 - CMSIS Pack Vendor :STMicroelectronics X-CUBE-AZRTOS-F4 1.1.0
2026-08-06 21:22:42,013 [INFO] ThirdParty:1030 - CMSIS Pack Vendor :STMicroelectronics LIBJPEG 8.0.0
2026-08-06 21:22:42,013 [INFO] ThirdParty:1030 - CMSIS Pack Vendor :STMicroelectronics X-CUBE-BLE1 7.1.0
2026-08-06 21:22:42,013 [INFO] ThirdParty:1030 - CMSIS Pack Vendor :wolfSSL I-CUBE-wolfMQTT 1.19.2
2026-08-06 21:22:42,013 [INFO] ThirdParty:1030 - CMSIS Pack Vendor :STMicroelectronics USB_DEVICE 3.0.0
2026-08-06 21:22:42,013 [INFO] ThirdParty:1030 - CMSIS Pack Vendor :STMicroelectronics X-CUBE-ISPU 2.1.0
2026-08-06 21:22:42,013 [INFO] ThirdParty:1030 - CMSIS Pack Vendor :STMicroelectronics X-CUBE-EEPRMA1 5.2.0
2026-08-06 21:22:42,013 [INFO] ThirdParty:1030 - CMSIS Pack Vendor :STMicroelectronics X-CUBE-IPS 3.2.0
2026-08-06 21:22:42,013 [INFO] ThirdParty:1030 - CMSIS Pack Vendor :STMicroelectronics eDS-WB_DPC_TT-BIDIR 2.1.1
2026-08-06 21:22:42,014 [INFO] ThirdParty:1030 - CMSIS Pack Vendor :STMicroelectronics X-CUBE-AZRTOS-WB 2.0.0
2026-08-06 21:22:42,014 [INFO] ThirdParty:1030 - CMSIS Pack Vendor :STMicroelectronics X-CUBE-NFC12 1.0.0
2026-08-06 21:22:42,014 [INFO] ThirdParty:1030 - CMSIS Pack Vendor :STMicroelectronics X-CUBE-AZRTOS-F7 1.1.0
2026-08-06 21:22:42,014 [INFO] ThirdParty:1030 - CMSIS Pack Vendor :STMicroelectronics X-CUBE-AZRTOS-L5 2.0.0
2026-08-06 21:22:42,014 [INFO] ThirdParty:1030 - CMSIS Pack Vendor :STMicroelectronics USB_DEVICE 2.0.0
2026-08-06 21:22:42,014 [INFO] ThirdParty:1030 - CMSIS Pack Vendor :STMicroelectronics X-CUBE-FREERTOS 1.6.0
2026-08-06 21:22:42,014 [INFO] ThirdParty:1030 - CMSIS Pack Vendor :STMicroelectronics FP-SNS-STAIOTCFT 1.1.0
2026-08-06 21:22:42,015 [INFO] ThirdParty:1030 - CMSIS Pack Vendor :quantropi X-CUBE-qispace-sdk-base 2.1.0
2026-08-06 21:22:42,015 [INFO] ThirdParty:1030 - CMSIS Pack Vendor :STMicroelectronics X-CUBE-STSE01 2.0.0
2026-08-06 21:22:42,015 [INFO] ThirdParty:1030 - CMSIS Pack Vendor :STMicroelectronics X-CUBE-ALGOBUILD 1.5.0
2026-08-06 21:22:42,015 [INFO] ThirdParty:1030 - CMSIS Pack Vendor :STMicroelectronics FP-SNS-MOTENV1 5.1.0
2026-08-06 21:22:42,015 [INFO] ThirdParty:1030 - CMSIS Pack Vendor :STMicroelectronics FreeRTOS 0.0.1
2026-08-06 21:22:42,016 [INFO] ThirdParty:1030 - CMSIS Pack Vendor :STMicroelectronics X-CUBE-AZRTOS-H7RS 1.3.0
2026-08-06 21:22:42,017 [INFO] ThirdParty:1030 - CMSIS Pack Vendor :STMicroelectronics X-CUBE-AZRTOS-G0 1.1.0
2026-08-06 21:22:42,017 [INFO] ThirdParty:1030 - CMSIS Pack Vendor :STMicroelectronics X-CUBE-NFC4 3.0.0
2026-08-06 21:22:42,017 [INFO] ThirdParty:1030 - CMSIS Pack Vendor :STMicroelectronics X-CUBE-SUBG2 5.0.0
2026-08-06 21:22:42,018 [INFO] ThirdParty:1030 - CMSIS Pack Vendor :STMicroelectronics STM32_WPAN 1.0.0
2026-08-06 21:22:42,018 [INFO] ThirdParty:1030 - CMSIS Pack Vendor :STMicroelectronics eDS-WB_DPC_VIENNA 1.2.0
2026-08-06 21:22:42,018 [INFO] ThirdParty:1030 - CMSIS Pack Vendor :EmbeddedOffice I-CUBE-FS-RTOS 1.0.1
2026-08-06 21:22:42,018 [INFO] ThirdParty:1030 - CMSIS Pack Vendor :STMicroelectronics lwIP 2.0.3
2026-08-06 21:22:42,018 [INFO] ThirdParty:1030 - CMSIS Pack Vendor :WES I-CUBE-Cesium 1.4.0
2026-08-06 21:22:42,018 [INFO] ThirdParty:1030 - CMSIS Pack Vendor :STMicroelectronics X-CUBE-MEMS1 13.0.0
2026-08-06 21:22:42,018 [INFO] ThirdParty:1030 - CMSIS Pack Vendor :STMicroelectronics eDS-WB_DPC_3PH2L-BIDIR 1.1.1
2026-08-06 21:22:42,018 [INFO] ThirdParty:1030 - CMSIS Pack Vendor :STMicroelectronics USB_HOST 1.0.0
2026-08-06 21:22:42,018 [INFO] ThirdParty:1030 - CMSIS Pack Vendor :STMicroelectronics X-CUBE-AZRTOS-G4 2.0.0
2026-08-06 21:22:42,019 [INFO] ThirdParty:1030 - CMSIS Pack Vendor :STMicroelectronics PDM2PCM 3.1.0
2026-08-06 21:22:42,019 [INFO] ThirdParty:1030 - CMSIS Pack Vendor :STMicroelectronics PDM2PCM 3.3.0
2026-08-06 21:22:42,019 [INFO] ThirdParty:1030 - CMSIS Pack Vendor :wolfSSL I-CUBE-wolfTPM 3.8.0
2026-08-06 21:22:42,019 [INFO] ThirdParty:1030 - CMSIS Pack Vendor :STMicroelectronics X-CUBE-DISPLAY 3.0.0
2026-08-06 21:22:42,019 [INFO] ThirdParty:1030 - CMSIS Pack Vendor :wolfSSL I-CUBE-wolfSSH 1.4.20
2026-08-06 21:22:42,019 [INFO] ThirdParty:1030 - CMSIS Pack Vendor :STMicroelectronics X-CUBE-NFC7 2.0.0
2026-08-06 21:22:42,019 [INFO] ThirdParty:1030 - CMSIS Pack Vendor :STMicroelectronics X-CUBE-GNSS1 7.1.1
2026-08-06 21:22:42,019 [INFO] ThirdParty:1030 - CMSIS Pack Vendor :STMicroelectronics FP-SNS-MOTENVWB1 1.5.0
2026-08-06 21:22:42,019 [INFO] ThirdParty:1030 - CMSIS Pack Vendor :STMicroelectronics X-CUBE-TCPP 4.2.0
2026-08-06 21:22:42,019 [INFO] ThirdParty:1030 - CMSIS Pack Vendor :RealThread X-CUBE-RT-Thread_Nano 4.1.1
2026-08-06 21:22:42,020 [INFO] ThirdParty:1030 - CMSIS Pack Vendor :STMicroelectronics FP-ATR-SIGFOX1 3.2.0
2026-08-06 21:22:42,020 [INFO] ThirdParty:1030 - CMSIS Pack Vendor :STMicroelectronics X-CUBE-NFC10 1.0.0
2026-08-06 21:22:42,020 [INFO] ThirdParty:1030 - CMSIS Pack Vendor :STMicroelectronics HAL Drivers 0.0.0
2026-08-06 21:22:42,020 [INFO] ThirdParty:1030 - CMSIS Pack Vendor :STMicroelectronics MBEDTLS 2.16.2
2026-08-06 21:22:42,020 [INFO] ThirdParty:1030 - CMSIS Pack Vendor :STMicroelectronics X-CUBE-ST60 1.1.0
2026-08-06 21:22:42,020 [INFO] ThirdParty:1030 - CMSIS Pack Vendor :STMicroelectronics X-CUBE-ALS 1.0.2
2026-08-06 21:22:42,020 [INFO] ThirdParty:1030 - CMSIS Pack Vendor :emotas I-CUBE-CANOPEN 1.3.0
2026-08-06 21:22:42,020 [INFO] ThirdParty:1030 - CMSIS Pack Vendor :wolfSSL I-CUBE-wolfSSL 5.9.2
2026-08-06 21:22:42,020 [INFO] ThirdParty:1030 - CMSIS Pack Vendor :STMicroelectronics MBEDTLS 2.14.1
2026-08-06 21:22:42,020 [INFO] ThirdParty:1030 - CMSIS Pack Vendor :ITTIA_DB I-CUBE-ITTIADB 8.9.0
2026-08-06 21:22:42,021 [INFO] ThirdParty:1030 - CMSIS Pack Vendor :Cesanta I-CUBE-Mongoose 7.21.7
2026-08-06 21:22:42,021 [INFO] ThirdParty:1030 - CMSIS Pack Vendor :STMicroelectronics X-CUBE-TOUCHGFX 4.26.1
2026-08-06 21:22:42,021 [INFO] ThirdParty:1030 - CMSIS Pack Vendor :STMicroelectronics X-CUBE-NFC6 3.2.0
2026-08-06 21:22:42,021 [INFO] ThirdParty:1030 - CMSIS Pack Vendor :STMicroelectronics FP-SNS-STBOX1 2.1.0
2026-08-06 21:22:42,021 [INFO] ThirdParty:1030 - CMSIS Pack Vendor :STMicroelectronics X-CUBE-AI 10.2.1
2026-08-06 21:22:42,021 [INFO] ThirdParty:1030 - CMSIS Pack Vendor :STMicroelectronics ThreadX 1.0.0
2026-08-06 21:22:42,022 [INFO] ThirdParty:1030 - CMSIS Pack Vendor :STMicroelectronics FP-SNS-SMARTAG2 1.2.0
2026-08-06 21:22:42,022 [INFO] ThirdParty:1030 - CMSIS Pack Vendor :STMicroelectronics FP-SNS-FLIGHT1 5.1.0
2026-08-06 21:22:42,022 [INFO] ThirdParty:1030 - CMSIS Pack Vendor :STMicroelectronics X-CUBE-AZRTOS-WL 2.0.0
2026-08-06 21:22:42,022 [INFO] ThirdParty:1030 - CMSIS Pack Vendor :SEGGER I-CUBE-embOS 1.3.1
2026-08-06 21:22:42,022 [INFO] ThirdParty:1030 - CMSIS Pack Vendor :STMicroelectronics X-CUBE-DPower 1.3.0
2026-08-06 21:22:42,022 [INFO] ThirdParty:1030 - CMSIS Pack Vendor :STMicroelectronics USB_DEVICE 1.0.0
2026-08-06 21:22:42,022 [INFO] ThirdParty:1030 - CMSIS Pack Vendor :STMicroelectronics X-CUBE-AZRTOS-L4 2.0.0
2026-08-06 21:22:42,022 [INFO] ThirdParty:1030 - CMSIS Pack Vendor :STMicroelectronics ThreadX 0.0.2
2026-08-06 21:22:42,023 [INFO] ThirdParty:1030 - CMSIS Pack Vendor :STMicroelectronics lwIP 2.1.2
2026-08-06 21:22:42,023 [INFO] ThirdParty:1030 - CMSIS Pack Vendor :STMicroelectronics X-CUBE-SFXS2LP1 4.0.0
2026-08-06 21:22:42,023 [INFO] ThirdParty:1030 - CMSIS Pack Vendor :STMicroelectronics X-CUBE-BLE2 3.3.0
2026-08-06 21:22:42,023 [INFO] ThirdParty:1030 - CMSIS Pack Vendor :Avnet-IOTCONNECT X-CUBE-iotc-st67-sdk 1.0.0
2026-08-06 21:22:42,023 [INFO] ThirdParty:1030 - CMSIS Pack Vendor :STMicroelectronics X-CUBE-TOF1 3.4.3
2026-08-06 21:22:42,023 [INFO] ThirdParty:1030 - CMSIS Pack Vendor :Infineon AIROC-Wi-Fi-Bluetooth-STM32 1.8.0
2026-08-06 21:22:42,023 [INFO] ThirdParty:1030 - CMSIS Pack Vendor :STMicroelectronics X-CUBE-NFC13 1.0.0
2026-08-06 21:22:42,023 [INFO] ThirdParty:1030 - CMSIS Pack Vendor :STMicroelectronics PDM2PCM 3.2.0
2026-08-06 21:22:42,023 [INFO] ThirdParty:1030 - CMSIS Pack Vendor :STMicroelectronics X-CUBE-WB05N 2.1.0
2026-08-06 21:22:42,024 [INFO] ThirdParty:841 - exiting critical section [change project]
2026-08-06 21:22:42,994 [INFO] PinOutPanel:1589 - setPackage(No Configuration,No Configuration)
2026-08-06 21:22:42,997 [INFO] PinOutPanel:1589 - setPackage(STM32F401RETx,LQFP64)
2026-08-06 21:22:44,128 [INFO] UtilMem:75 - Before build in PCC Used Memory: 878487472 Bytes (1073741824)
2026-08-06 21:22:45,535 [INFO] UtilMem:75 - After build in PCC Used Memory: 737440608 Bytes (1073741824)
2026-08-06 21:22:45,607 [INFO] IPUIPlugin:80 - create IPUIPlugin
2026-08-06 21:22:45,607 [INFO] IPUIPlugin:80 - create IPUIPlugin
2026-08-06 21:22:45,608 [INFO] IPUIPlugin:80 - create IPUIPlugin
2026-08-06 21:22:45,608 [INFO] IPUIPlugin:80 - create IPUIPlugin
2026-08-06 21:22:45,608 [INFO] IPUIPlugin:80 - create IPUIPlugin
2026-08-06 21:22:45,608 [INFO] IPUIPlugin:80 - create IPUIPlugin
2026-08-06 21:22:45,608 [INFO] IPUIPlugin:80 - create IPUIPlugin
2026-08-06 21:22:45,610 [INFO] IPUIPlugin:80 - create IPUIPlugin
2026-08-06 21:22:45,610 [INFO] IPUIPlugin:80 - create IPUIPlugin
2026-08-06 21:22:45,610 [INFO] IPUIPlugin:80 - create IPUIPlugin
2026-08-06 21:22:45,611 [INFO] IPUIPlugin:80 - create IPUIPlugin
2026-08-06 21:22:45,611 [INFO] IPUIPlugin:80 - create IPUIPlugin
2026-08-06 21:22:45,612 [INFO] IPUIPlugin:80 - create IPUIPlugin
2026-08-06 21:22:45,612 [INFO] IPUIPlugin:80 - create IPUIPlugin
2026-08-06 21:22:45,612 [INFO] IPUIPlugin:80 - create IPUIPlugin
2026-08-06 21:22:45,613 [INFO] IPUIPlugin:80 - create IPUIPlugin
2026-08-06 21:22:45,613 [INFO] IPUIPlugin:80 - create IPUIPlugin
2026-08-06 21:22:45,614 [INFO] IPUIPlugin:80 - create IPUIPlugin
2026-08-06 21:22:45,615 [INFO] IPUIPlugin:80 - create IPUIPlugin
2026-08-06 21:22:45,615 [INFO] IPUIPlugin:80 - create IPUIPlugin
2026-08-06 21:22:45,615 [INFO] IPUIPlugin:80 - create IPUIPlugin
2026-08-06 21:22:45,616 [INFO] IPUIPlugin:80 - create IPUIPlugin
2026-08-06 21:22:45,617 [INFO] IPUIPlugin:80 - create IPUIPlugin
2026-08-06 21:22:45,617 [INFO] IPUIPlugin:80 - create IPUIPlugin
2026-08-06 21:22:45,618 [INFO] IPUIPlugin:80 - create IPUIPlugin
2026-08-06 21:22:45,618 [INFO] IPUIPlugin:80 - create IPUIPlugin
2026-08-06 21:22:45,619 [INFO] IPUIPlugin:80 - create IPUIPlugin
2026-08-06 21:22:45,619 [INFO] IPUIPlugin:80 - create IPUIPlugin
2026-08-06 21:22:45,620 [INFO] IPUIPlugin:80 - create IPUIPlugin
2026-08-06 21:22:45,622 [INFO] IPUIPlugin:80 - create IPUIPlugin
2026-08-06 21:22:45,623 [INFO] IPUIPlugin:80 - create IPUIPlugin
2026-08-06 21:22:45,624 [INFO] IPUIPlugin:80 - create IPUIPlugin
2026-08-06 21:22:45,625 [INFO] IPUIPlugin:80 - create IPUIPlugin
2026-08-06 21:22:45,625 [INFO] IPUIPlugin:80 - create IPUIPlugin
2026-08-06 21:22:45,626 [INFO] IPUIPlugin:80 - create IPUIPlugin
2026-08-06 21:22:45,627 [INFO] IPUIPlugin:80 - create IPUIPlugin
2026-08-06 21:22:45,628 [INFO] IPUIPlugin:80 - create IPUIPlugin
2026-08-06 21:22:45,628 [INFO] IPUIPlugin:80 - create IPUIPlugin
2026-08-06 21:22:45,761 [INFO] ApiDbMcu:532 - Load IP Config File for PDM2PCM
2026-08-06 21:22:46,059 [INFO] CADModel:165 - CPN selected for project levelSTM32F401RET6
2026-08-06 21:22:46,059 [INFO] CADModel:114 - Register for checkConnection events
2026-08-06 21:22:46,123 [INFO] OpenFileManager:386 - Restore cursor
2026-08-06 21:22:47,926 [INFO] UtilMem:75 - End SaveConfig() Used Memory: 834153264 Bytes (1073741824)
2026-08-06 21:22:48,075 [INFO] UtilMem:75 - End SaveConfig() Used Memory: 848809048 Bytes (1073741824)
2026-08-06 21:22:48,447 [INFO] BlockDiagram:2775 - set Specific Code input for plugin: NVIC
2026-08-06 21:22:48,454 [INFO] BlockDiagram:2775 - set Specific Code input for plugin: GPIO
2026-08-06 21:22:48,454 [INFO] BlockDiagram:2775 - set Specific Code input for plugin: RCC
2026-08-06 21:22:48,456 [INFO] CodeGenerator:892 - code generatio: config db path: C:\ST\STM32CubeIDE_1.19.0\STM32CubeIDE\plugins\com.st.stm32cube.common.mx_6.15.0.202507011659\\db\
2026-08-06 21:22:48,810 [INFO] CodeEngine:265 - oldGeneratedFile, C:\Users\user\OneDrive\Desktop\embdsystms\RTOS\RTOS1\MXTmpFiles\license.tmp_save
2026-08-06 21:22:49,714 [INFO] CodeEngine:289 - Generated code: C:\Users\user\OneDrive\Desktop\embdsystms\RTOS\RTOS1\MXTmpFiles\license.tmp
2026-08-06 21:22:49,864 [INFO] CodeEngine:265 - oldGeneratedFile, C:\Users\user\OneDrive\Desktop\embdsystms\RTOS\RTOS1\MXTmpFiles\gpio.tmp_save
2026-08-06 21:22:50,211 [INFO] CodeEngine:289 - Generated code: C:\Users\user\OneDrive\Desktop\embdsystms\RTOS\RTOS1\MXTmpFiles\gpio.tmp
2026-08-06 21:22:50,243 [INFO] CodeEngine:265 - oldGeneratedFile, C:\Users\user\OneDrive\Desktop\embdsystms\RTOS\RTOS1\Core\Src\stm32f4xx_it.c_save
2026-08-06 21:22:50,542 [INFO] CodeEngine:289 - Generated code: C:\Users\user\OneDrive\Desktop\embdsystms\RTOS\RTOS1\Core\Src\stm32f4xx_it.c
2026-08-06 21:22:50,555 [INFO] CodeEngine:265 - oldGeneratedFile, C:\Users\user\OneDrive\Desktop\embdsystms\RTOS\RTOS1\Core\Inc\stm32f4xx_it.h_save
2026-08-06 21:22:50,740 [INFO] CodeEngine:289 - Generated code: C:\Users\user\OneDrive\Desktop\embdsystms\RTOS\RTOS1\Core\Inc\stm32f4xx_it.h
2026-08-06 21:22:50,813 [INFO] CodeEngine:265 - oldGeneratedFile, C:\Users\user\OneDrive\Desktop\embdsystms\RTOS\RTOS1\Core\Src\stm32f4xx_hal_msp.c_save
2026-08-06 21:22:51,125 [INFO] CodeEngine:289 - Generated code: C:\Users\user\OneDrive\Desktop\embdsystms\RTOS\RTOS1\Core\Src\stm32f4xx_hal_msp.c
2026-08-06 21:22:51,139 [INFO] CodeEngine:265 - oldGeneratedFile, C:\Users\user\OneDrive\Desktop\embdsystms\RTOS\RTOS1\MXTmpFiles\system.tmp_save
2026-08-06 21:22:51,313 [INFO] CodeEngine:289 - Generated code: C:\Users\user\OneDrive\Desktop\embdsystms\RTOS\RTOS1\MXTmpFiles\system.tmp
2026-08-06 21:22:51,346 [INFO] CodeEngine:321 - oldGeneratedFile, C:\Users\user\OneDrive\Desktop\embdsystms\RTOS\RTOS1\Core\Inc\stm32f4xx_hal_conf.h_save
2026-08-06 21:22:51,611 [INFO] CodeEngine:345 - Generated code: C:\Users\user\OneDrive\Desktop\embdsystms\RTOS\RTOS1\Core\Inc\stm32f4xx_hal_conf.h
2026-08-06 21:22:51,782 [INFO] ApiDbMcu:532 - Load IP Config File for RCC
2026-08-06 21:22:51,811 [INFO] CodeEngine:265 - oldGeneratedFile, C:\Users\user\OneDrive\Desktop\embdsystms\RTOS\RTOS1\Core\Inc\main.h_save
2026-08-06 21:22:52,044 [INFO] CodeEngine:289 - Generated code: C:\Users\user\OneDrive\Desktop\embdsystms\RTOS\RTOS1\Core\Inc\main.h
2026-08-06 21:22:52,060 [INFO] CodeEngine:265 - oldGeneratedFile, C:\Users\user\OneDrive\Desktop\embdsystms\RTOS\RTOS1\Core\Src\main.c_save
2026-08-06 21:22:52,415 [INFO] CodeEngine:289 - Generated code: C:\Users\user\OneDrive\Desktop\embdsystms\RTOS\RTOS1\Core\Src\main.c
2026-08-06 21:22:53,265 [INFO] ProjectBuilder:3606 - Time for Copy HAL[1] : 271mS.
2026-08-06 21:22:53,283 [INFO] ProjectBuilder:5216 - Project Generator version: 4.7.0-B52
2026-08-06 21:22:53,547 [INFO] ConfigFileManager:1595 - The Die is : DIE433
2026-08-06 21:22:53,580 [INFO] ApiDbMcu:532 - Load IP Config File for FATFS
2026-08-06 21:22:53,656 [INFO] ApiDbMcu:532 - Load IP Config File for FREERTOS
2026-08-06 21:22:53,668 [INFO] ApiDbMcu:532 - Load IP Config File for LIBJPEG
2026-08-06 21:22:53,773 [INFO] ApiDbMcu:532 - Load IP Config File for MBEDTLS
2026-08-06 21:22:53,856 [INFO] ApiDbMcu:532 - Load IP Config File for USB_DEVICE
2026-08-06 21:22:53,880 [INFO] ApiDbMcu:532 - Load IP Config File for USB_HOST
2026-08-06 21:22:54,711 [INFO] LogOutputStream:77 - [STDOUT_REDIRECT] 
2026-08-06 21:22:59,969 [INFO] ProjectBuilder:5496 - Time for Generating toolchain IDE Files: 6686mS.
2026-08-06 21:22:59,971 [INFO] ProjectBuilder:3463 - Time for Copy CMSIS : 1mS.
2026-08-06 21:22:59,977 [INFO] ProjectBuilder:3463 - Time for Copy CMSIS : 0mS.
2026-08-06 21:23:01,644 [INFO] McuFinderGlobals:76 - Set McuFinderConnectedMode to true
2026-08-06 21:23:01,657 [INFO] ApiDb:448 - Save user favorites file C:\Users\user/.stm32cubeide/favorites.mcus.txt: 0 item(s)
2026-08-06 21:23:01,657 [INFO] ApiDb:452 - User favorites MCUs=[]
2026-08-06 21:23:01,671 [INFO] ApiDb:448 - Save user favorites file C:\Users\user/.stm32cubeide/favorites.boards.txt: 0 item(s)
2026-08-06 21:23:01,671 [INFO] ApiDb:452 - User favorites Boards=[]
2026-08-06 22:05:09,065 [INFO] UtilMem:75 - End SaveConfig() Used Memory: 723796248 Bytes (1073741824)
2026-08-06 22:05:11,457 [INFO] UtilMem:75 - End SaveConfig() Used Memory: 751059224 Bytes (1073741824)
2026-08-06 22:05:15,170 [INFO] UtilMem:75 - End SaveConfig() Used Memory: 833896728 Bytes (1073741824)
2026-08-06 22:05:15,650 [INFO] BlockDiagram:2775 - set Specific Code input for plugin: NVIC
2026-08-06 22:05:15,651 [INFO] BlockDiagram:2775 - set Specific Code input for plugin: SYS
2026-08-06 22:05:15,652 [INFO] BlockDiagram:2775 - set Specific Code input for plugin: GPIO
2026-08-06 22:05:15,652 [INFO] BlockDiagram:2775 - set Specific Code input for plugin: RCC
2026-08-06 22:05:15,654 [INFO] CodeGenerator:892 - code generatio: config db path: C:\ST\STM32CubeIDE_1.19.0\STM32CubeIDE\plugins\com.st.stm32cube.common.mx_6.15.0.202507011659\\db\
2026-08-06 22:05:15,843 [INFO] CodeEngine:265 - oldGeneratedFile, C:\Users\user\OneDrive\Desktop\embdsystms\RTOS\RTOS1\MXTmpFiles\license.tmp_save
2026-08-06 22:05:16,389 [INFO] CodeEngine:289 - Generated code: C:\Users\user\OneDrive\Desktop\embdsystms\RTOS\RTOS1\MXTmpFiles\license.tmp
2026-08-06 22:05:16,474 [INFO] CodeEngine:265 - oldGeneratedFile, C:\Users\user\OneDrive\Desktop\embdsystms\RTOS\RTOS1\MXTmpFiles\gpio.tmp_save
2026-08-06 22:05:16,750 [INFO] CodeEngine:289 - Generated code: C:\Users\user\OneDrive\Desktop\embdsystms\RTOS\RTOS1\MXTmpFiles\gpio.tmp
2026-08-06 22:05:16,815 [INFO] CodeEngine:265 - oldGeneratedFile, C:\Users\user\OneDrive\Desktop\embdsystms\RTOS\RTOS1\Core\Src\stm32f4xx_it.c_save
2026-08-06 22:05:17,459 [INFO] CodeEngine:289 - Generated code: C:\Users\user\OneDrive\Desktop\embdsystms\RTOS\RTOS1\Core\Src\stm32f4xx_it.c
2026-08-06 22:05:17,480 [INFO] CodeEngine:265 - oldGeneratedFile, C:\Users\user\OneDrive\Desktop\embdsystms\RTOS\RTOS1\Core\Inc\stm32f4xx_it.h_save
2026-08-06 22:05:17,685 [INFO] CodeEngine:289 - Generated code: C:\Users\user\OneDrive\Desktop\embdsystms\RTOS\RTOS1\Core\Inc\stm32f4xx_it.h
2026-08-06 22:05:17,721 [INFO] CodeEngine:265 - oldGeneratedFile, C:\Users\user\OneDrive\Desktop\embdsystms\RTOS\RTOS1\Core\Src\stm32f4xx_hal_msp.c_save
2026-08-06 22:05:18,026 [INFO] CodeEngine:289 - Generated code: C:\Users\user\OneDrive\Desktop\embdsystms\RTOS\RTOS1\Core\Src\stm32f4xx_hal_msp.c
2026-08-06 22:05:18,041 [INFO] CodeEngine:265 - oldGeneratedFile, C:\Users\user\OneDrive\Desktop\embdsystms\RTOS\RTOS1\MXTmpFiles\system.tmp_save
2026-08-06 22:05:18,215 [INFO] CodeEngine:289 - Generated code: C:\Users\user\OneDrive\Desktop\embdsystms\RTOS\RTOS1\MXTmpFiles\system.tmp
2026-08-06 22:05:18,229 [INFO] CodeEngine:265 - oldGeneratedFile, C:\Users\user\OneDrive\Desktop\embdsystms\RTOS\RTOS1\Core\Src\stm32f4xx_hal_timebase_tim.c_save
2026-08-06 22:05:18,419 [INFO] CodeEngine:289 - Generated code: C:\Users\user\OneDrive\Desktop\embdsystms\RTOS\RTOS1\Core\Src\stm32f4xx_hal_timebase_tim.c
2026-08-06 22:05:18,453 [INFO] CodeEngine:321 - oldGeneratedFile, C:\Users\user\OneDrive\Desktop\embdsystms\RTOS\RTOS1\Core\Inc\stm32f4xx_hal_conf.h_save
2026-08-06 22:05:18,654 [INFO] CodeEngine:345 - Generated code: C:\Users\user\OneDrive\Desktop\embdsystms\RTOS\RTOS1\Core\Inc\stm32f4xx_hal_conf.h
2026-08-06 22:05:18,781 [INFO] CodeEngine:265 - oldGeneratedFile, C:\Users\user\OneDrive\Desktop\embdsystms\RTOS\RTOS1\Core\Inc\main.h_save
2026-08-06 22:05:19,010 [INFO] CodeEngine:289 - Generated code: C:\Users\user\OneDrive\Desktop\embdsystms\RTOS\RTOS1\Core\Inc\main.h
2026-08-06 22:05:19,030 [INFO] CodeEngine:265 - oldGeneratedFile, C:\Users\user\OneDrive\Desktop\embdsystms\RTOS\RTOS1\Core\Src\main.c_save
2026-08-06 22:05:19,283 [INFO] CodeEngine:289 - Generated code: C:\Users\user\OneDrive\Desktop\embdsystms\RTOS\RTOS1\Core\Src\main.c
2026-08-06 22:05:20,103 [INFO] ProjectBuilder:3606 - Time for Copy HAL[1] : 388mS.
2026-08-06 22:05:20,111 [INFO] ProjectBuilder:5216 - Project Generator version: 4.7.0-B52
2026-08-06 22:05:20,308 [INFO] ConfigFileManager:1595 - The Die is : DIE433
2026-08-06 22:05:23,274 [INFO] ProjectBuilder:5496 - Time for Generating toolchain IDE Files: 3163mS.
2026-08-06 22:05:23,275 [INFO] ProjectBuilder:3463 - Time for Copy CMSIS : 1mS.
2026-08-06 22:05:23,286 [INFO] ProjectBuilder:3463 - Time for Copy CMSIS : 0mS.
2026-08-06 22:44:18,012 [INFO] LogOutputStream:77 - [STDOUT_REDIRECT] StartTraceHandler.execute(), success : Collect=true
2026-08-06 22:45:44,274 [INFO] LogOutputStream:77 - [STDOUT_REDIRECT] StartTraceHandler.execute(), success : Collect=false
2026-08-06 22:45:46,503 [INFO] LogOutputStream:77 - [STDOUT_REDIRECT] StartTraceHandler.execute(), success : Collect=true
2026-08-06 22:46:05,542 [ERROR] LogOutputStream:75 - [STDERR_REDIRECT] Exception in thread "SWV client thread" java.lang.NullPointerException: Cannot invoke "com.st.stm32cube.ide.mcu.debug.swv.core.SWVPlugin.isDebugging()" because "com.st.stm32cube.ide.mcu.debug.swv.core.SWVPlugin.plugin" is null
2026-08-06 22:46:05,548 [ERROR] LogOutputStream:75 - [STDERR_REDIRECT] 	at com.st.stm32cube.ide.mcu.debug.swv.core.SWVPlugin.debugTrace(SWVPlugin.java:85)
2026-08-06 22:46:05,551 [ERROR] LogOutputStream:75 - [STDERR_REDIRECT] 	at com.st.stm32cube.ide.mcu.debug.swv.core.SWVClient.TRACE(SWVClient.java:768)
2026-08-06 22:46:05,554 [ERROR] LogOutputStream:75 - [STDERR_REDIRECT] 	at com.st.stm32cube.ide.mcu.debug.swv.core.SWVClient.createProtocolPacket(SWVClient.java:472)
2026-08-06 22:46:05,558 [ERROR] LogOutputStream:75 - [STDERR_REDIRECT] 	at com.st.stm32cube.ide.mcu.debug.swv.core.SWVClient.run(SWVClient.java:370)
2026-08-06 22:46:06,386 [ERROR] LogOutputStream:75 - [STDERR_REDIRECT] 
2026-08-06 22:46:06,388 [ERROR] LogOutputStream:75 - [STDERR_REDIRECT] 
